	Name	Completeness	Contamination	Completeness_Model_Used	Translation_Table_Used	Coding_Density	Contig_N50	Average_Gene_Length	Genome_Size	GC_Content	Total_Coding_Sequences	Total_Contigs	Max_Contig_Length	Additional_Notes	source_dataset	collection	tag
0	SemiBin_0	13.27	0.53	Neural Network (Specific Model)	11	0.881	3353	294.2596685082873	723179	0.57	724	208	10963		SRR24759596	checkm2 on collection 38: Quality report	semibin-single-sample-binning
1	SemiBin_10	70.8	10.21	Neural Network (Specific Model)	11	0.875	7048	292.2509316770186	2415562	0.34	2415	376	40559		SRR24759596	checkm2 on collection 38: Quality report	semibin-single-sample-binning
2	SemiBin_11	72.71	34.25	Neural Network (Specific Model)	11	0.838	4719	278.59503276992064	2887137	0.46	2899	615	31365		SRR24759596	checkm2 on collection 38: Quality report	semibin-single-sample-binning
3	SemiBin_14	16.93	0.01	Neural Network (Specific Model)	11	0.853	3336	248.67225325884544	469014	0.46	537	138	7827		SRR24759596	checkm2 on collection 38: Quality report	semibin-single-sample-binning
4	SemiBin_18	4.42	0.11	Neural Network (Specific Model)	11	0.742	5886	256.3963133640553	224649	0.4	217	41	17592		SRR24759596	checkm2 on collection 38: Quality report	semibin-single-sample-binning
5	SemiBin_25	11.64	0.02	Neural Network (Specific Model)	11	0.821	3952	237.9692307692308	507745	0.41	585	131	32118		SRR24759596	checkm2 on collection 38: Quality report	semibin-single-sample-binning
6	SemiBin_26	6.6	0.0	Neural Network (Specific Model)	11	0.786	4618	273.5560975609756	213783	0.35	205	50	9408		SRR24759596	checkm2 on collection 38: Quality report	semibin-single-sample-binning
7	SemiBin_27	68.42	8.58	Neural Network (Specific Model)	11	0.875	5590	279.1412289395441	1928684	0.34	2018	373	23767		SRR24759596	checkm2 on collection 38: Quality report	semibin-single-sample-binning
8	SemiBin_30	4.57	0.01	Neural Network (Specific Model)	4	0.811	4247	237.9114391143912	236749	0.51	271	57	8995		SRR24759596	checkm2 on collection 38: Quality report	semibin-single-sample-binning
9	SemiBin_33	56.24	4.8	Neural Network (Specific Model)	11	0.816	15233	285.7984934086629	1670606	0.45	1593	168	84597		SRR24759596	checkm2 on collection 38: Quality report	semibin-single-sample-binning
10	SemiBin_38	72.66	1.29	Neural Network (Specific Model)	11	0.862	7252	287.5817157169693	1596253	0.43	1597	263	21261		SRR24759596	checkm2 on collection 38: Quality report	semibin-single-sample-binning
11	SemiBin_39	6.39	0.01	Neural Network (Specific Model)	11	0.886	164069	271.29296875	234847	0.4	256	9	164069		SRR24759596	checkm2 on collection 38: Quality report	semibin-single-sample-binning
12	SemiBin_4	82.68	31.08	Neural Network (Specific Model)	11	0.902	6092	285.8730991085475	1810073	0.37	1907	331	39661		SRR24759596	checkm2 on collection 38: Quality report	semibin-single-sample-binning
13	SemiBin_42	7.81	0.0	Neural Network (Specific Model)	11	0.891	7061	261.9098712446352	204962	0.35	233	29	14066		SRR24759596	checkm2 on collection 38: Quality report	semibin-single-sample-binning
14	SemiBin_5	87.08	3.68	Neural Network (Specific Model)	11	0.873	14745	312.36241610738256	2078111	0.34	1937	202	39872		SRR24759596	checkm2 on collection 38: Quality report	semibin-single-sample-binning
15	SemiBin_50	13.06	0.19	Neural Network (Specific Model)	11	0.748	4761	227.6628787878788	722267	0.29	792	159	24753		SRR24759596	checkm2 on collection 38: Quality report	semibin-single-sample-binning
16	SemiBin_6	79.52	16.99	Neural Network (Specific Model)	11	0.899	4801	269.30478359908886	1969387	0.36	2195	423	25622		SRR24759596	checkm2 on collection 38: Quality report	semibin-single-sample-binning
17	SemiBin_62	96.14	0.24	Neural Network (Specific Model)	11	0.893	90094	293.5409482758621	1371020	0.45	1392	20	247462		SRR24759596	checkm2 on collection 38: Quality report	semibin-single-sample-binning
18	SemiBin_7	91.41	3.29	Neural Network (Specific Model)	11	0.899	16501	351.25550660792953	1593883	0.61	1362	143	56668		SRR24759596	checkm2 on collection 38: Quality report	semibin-single-sample-binning
19	SemiBin_9	51.77	4.09	Neural Network (Specific Model)	11	0.908	5251	273.99661016949153	800234	0.37	885	169	16917		SRR24759596	checkm2 on collection 38: Quality report	semibin-single-sample-binning
20	SemiBin_0	85.99	1.13	Gradient Boost (General Model)	11	0.913	5535	286.2551020408163	2483927	0.42	2646	491	19744		SRR24759597	checkm2 on collection 38: Quality report	semibin-single-sample-binning
21	SemiBin_1	10.78	0.82	Neural Network (Specific Model)	11	0.774	3590	237.22925457102676	652671	0.3	711	176	11809		SRR24759597	checkm2 on collection 38: Quality report	semibin-single-sample-binning
22	SemiBin_10	99.9	2.67	Neural Network (Specific Model)	11	0.868	33607	321.05786350148367	2241390	0.34	2022	94	151911		SRR24759597	checkm2 on collection 38: Quality report	semibin-single-sample-binning
23	SemiBin_11	46.42	0.05	Gradient Boost (General Model)	11	0.858	3715	248.8082901554404	1005530	0.36	1158	267	8829		SRR24759597	checkm2 on collection 38: Quality report	semibin-single-sample-binning
24	SemiBin_12	46.13	10.39	Neural Network (Specific Model)	11	0.896	4806	274.86728395061726	893389	0.37	972	198	27256		SRR24759597	checkm2 on collection 38: Quality report	semibin-single-sample-binning
25	SemiBin_13	11.67	0.06	Neural Network (Specific Model)	11	0.899	23625	289.4758064516129	358637	0.36	372	43	49900		SRR24759597	checkm2 on collection 38: Quality report	semibin-single-sample-binning
26	SemiBin_14	59.21	3.62	Neural Network (Specific Model)	11	0.832	8819	281.4026270702456	1773350	0.46	1751	252	44257		SRR24759597	checkm2 on collection 38: Quality report	semibin-single-sample-binning
27	SemiBin_16	53.93	6.29	Neural Network (Specific Model)	11	0.865	4586	267.4039625756742	1682293	0.34	1817	380	31991		SRR24759597	checkm2 on collection 38: Quality report	semibin-single-sample-binning
28	SemiBin_17	36.46	0.0	Neural Network (Specific Model)	11	0.895	3529	243.77586206896552	898835	0.32	1102	248	9866		SRR24759597	checkm2 on collection 38: Quality report	semibin-single-sample-binning
29	SemiBin_18	58.36	5.23	Neural Network (Specific Model)	11	0.903	4869	271.6630982367758	1430354	0.36	1588	306	15736		SRR24759597	checkm2 on collection 38: Quality report	semibin-single-sample-binning
30	SemiBin_19	22.3	1.31	Neural Network (Specific Model)	11	0.861	3842	275.9462068965517	695089	0.42	725	168	62824		SRR24759597	checkm2 on collection 38: Quality report	semibin-single-sample-binning
31	SemiBin_2	43.36	4.12	Neural Network (Specific Model)	11	0.894	3455	295.2660714285714	1107163	0.59	1120	305	10332		SRR24759597	checkm2 on collection 38: Quality report	semibin-single-sample-binning
32	SemiBin_21	21.35	0.53	Neural Network (Specific Model)	11	0.91	3654	279.4270696452037	699833	0.36	761	187	29140		SRR24759597	checkm2 on collection 38: Quality report	semibin-single-sample-binning
33	SemiBin_23	33.36	0.03	Neural Network (Specific Model)	11	0.892	3498	265.6266592920354	1611154	0.56	1808	453	9188		SRR24759597	checkm2 on collection 38: Quality report	semibin-single-sample-binning
34	SemiBin_25	38.68	3.25	Neural Network (Specific Model)	11	0.913	4279	256.2271126760563	477433	0.37	568	114	10027		SRR24759597	checkm2 on collection 38: Quality report	semibin-single-sample-binning
35	SemiBin_3	79.37	40.84	Neural Network (Specific Model)	11	0.831	4470	269.1102699974767	3844082	0.45	3963	872	28890		SRR24759597	checkm2 on collection 38: Quality report	semibin-single-sample-binning
36	SemiBin_4	43.07	0.11	Neural Network (Specific Model)	11	0.878	3962	267.9367231638418	1616313	0.51	1770	414	18262		SRR24759597	checkm2 on collection 38: Quality report	semibin-single-sample-binning
37	SemiBin_44	9.76	0.18	Neural Network (Specific Model)	11	0.878	9560	295.81907894736844	306959	0.3	304	42	19510		SRR24759597	checkm2 on collection 38: Quality report	semibin-single-sample-binning
38	SemiBin_49	100.0	0.37	Neural Network (Specific Model)	11	0.858	194137	315.7493457400407	3791422	0.39	3439	29	594787		SRR24759597	checkm2 on collection 38: Quality report	semibin-single-sample-binning
39	SemiBin_5	70.85	0.03	Neural Network (Specific Model)	11	0.866	6984	287.7663934426229	1458239	0.43	1464	249	22332		SRR24759597	checkm2 on collection 38: Quality report	semibin-single-sample-binning
40	SemiBin_54	9.03	0.12	Neural Network (Specific Model)	11	0.707	4140	238.1737089201878	429745	0.39	426	101	16812		SRR24759597	checkm2 on collection 38: Quality report	semibin-single-sample-binning
41	SemiBin_6	10.79	0.0	Neural Network (Specific Model)	11	0.867	3195	255.008	220425	0.3	250	68	6360		SRR24759597	checkm2 on collection 38: Quality report	semibin-single-sample-binning
42	SemiBin_69	6.8	0.03	Neural Network (Specific Model)	11	0.858	4426	272.3754266211604	278037	0.42	293	64	31074		SRR24759597	checkm2 on collection 38: Quality report	semibin-single-sample-binning
43	SemiBin_7	6.61	0.02	Neural Network (Specific Model)	11	0.779	5277	232.12225705329155	284519	0.35	319	57	15723		SRR24759597	checkm2 on collection 38: Quality report	semibin-single-sample-binning
44	SemiBin_8	17.92	0.0	Neural Network (Specific Model)	11	0.922	3292	278.684766214178	599780	0.44	663	172	9117		SRR24759597	checkm2 on collection 38: Quality report	semibin-single-sample-binning
45	SemiBin_9	86.16	1.92	Neural Network (Specific Model)	11	0.901	16003	284.95188452285487	1181754	0.46	1247	108	57250		SRR24759597	checkm2 on collection 38: Quality report	semibin-single-sample-binning
46	SemiBin_0	90.83	4.66	Neural Network (Specific Model)	11	0.9	16112	349.8403656821378	1656343	0.61	1422	160	56668		SRR24759596	checkm2 on collection 80: Quality report	semibin-multi-sample-binning
47	SemiBin_11	46.61	13.74	Neural Network (Specific Model)	11	0.84	7570	286.1130634071811	1335482	0.45	1309	189	31365		SRR24759596	checkm2 on collection 80: Quality report	semibin-multi-sample-binning
48	SemiBin_128	9.68	0.0	Neural Network (Specific Model)	11	0.862	7293	273.2716535433071	241354	0.33	254	37	11678		SRR24759596	checkm2 on collection 80: Quality report	semibin-multi-sample-binning
49	SemiBin_131	97.27	2.15	Neural Network (Specific Model)	11	0.892	90094	294.2383419689119	1334503	0.45	1351	18	247462		SRR24759596	checkm2 on collection 80: Quality report	semibin-multi-sample-binning
50	SemiBin_15	8.25	0.0	Neural Network (Specific Model)	11	0.888	3491	262.93189964157705	247501	0.46	279	70	7437		SRR24759596	checkm2 on collection 80: Quality report	semibin-multi-sample-binning
51	SemiBin_2	11.33	0.34	Neural Network (Specific Model)	11	0.865	3348	285.6558641975309	639415	0.56	648	184	9485		SRR24759596	checkm2 on collection 80: Quality report	semibin-multi-sample-binning
52	SemiBin_26	8.3	0.0	Neural Network (Specific Model)	11	0.842	3333	263.9873015873016	295825	0.42	315	82	7650		SRR24759596	checkm2 on collection 80: Quality report	semibin-multi-sample-binning
53	SemiBin_28	38.22	1.79	Neural Network (Specific Model)	11	0.888	7184	301.9377880184332	884416	0.34	868	131	20124		SRR24759596	checkm2 on collection 80: Quality report	semibin-multi-sample-binning
54	SemiBin_29	35.98	7.29	Neural Network (Specific Model)	11	0.874	10579	302.76258992805754	1298446	0.34	1251	137	39632		SRR24759596	checkm2 on collection 80: Quality report	semibin-multi-sample-binning
55	SemiBin_31	4.77	0.01	Neural Network (Specific Model)	4	0.817	4223	248.83450704225356	257436	0.51	284	63	8995		SRR24759596	checkm2 on collection 80: Quality report	semibin-multi-sample-binning
56	SemiBin_4	13.48	0.66	Neural Network (Specific Model)	11	0.749	5231	233.12608158220024	754273	0.29	809	149	24753		SRR24759596	checkm2 on collection 80: Quality report	semibin-multi-sample-binning
57	SemiBin_44	40.11	1.25	Neural Network (Specific Model)	11	0.926	6092	286.5738916256158	376513	0.37	406	65	21146		SRR24759596	checkm2 on collection 80: Quality report	semibin-multi-sample-binning
58	SemiBin_5	53.19	18.31	Neural Network (Specific Model)	11	0.897	6217	281.9449685534591	1197618	0.37	1272	217	39661		SRR24759596	checkm2 on collection 80: Quality report	semibin-multi-sample-binning
59	SemiBin_54	5.79	0.01	Neural Network (Specific Model)	11	0.882	164069	272.69166666666666	222348	0.4	240	5	164069		SRR24759596	checkm2 on collection 80: Quality report	semibin-multi-sample-binning
60	SemiBin_6	82.26	0.14	Neural Network (Specific Model)	11	0.87	16344	314.40856777493605	1694550	0.34	1564	139	39872		SRR24759596	checkm2 on collection 80: Quality report	semibin-multi-sample-binning
61	SemiBin_60	46.54	0.03	Neural Network (Specific Model)	11	0.824	16634	298.2168209876544	1405028	0.46	1296	95	84597		SRR24759596	checkm2 on collection 80: Quality report	semibin-multi-sample-binning
62	SemiBin_7	70.22	8.93	Neural Network (Specific Model)	11	0.901	5493	274.8807157057654	1379710	0.37	1509	271	25622		SRR24759596	checkm2 on collection 80: Quality report	semibin-multi-sample-binning
63	SemiBin_8	72.44	2.48	Neural Network (Specific Model)	11	0.865	7252	287.7402597402597	1611301	0.43	1617	265	26629		SRR24759596	checkm2 on collection 80: Quality report	semibin-multi-sample-binning
64	SemiBin_88	11.01	0.03	Neural Network (Specific Model)	11	0.919	5944	280.2286585365854	299577	0.36	328	57	14066		SRR24759596	checkm2 on collection 80: Quality report	semibin-multi-sample-binning
65	SemiBin_9	47.58	4.95	Neural Network (Specific Model)	11	0.909	5416	267.7655860349127	707353	0.37	802	143	16917		SRR24759596	checkm2 on collection 80: Quality report	semibin-multi-sample-binning
66	SemiBin_0	63.99	0.12	Gradient Boost (General Model)	11	0.921	5987	299.0572222222222	1749895	0.43	1800	320	19744		SRR24759597	checkm2 on collection 80: Quality report	semibin-multi-sample-binning
67	SemiBin_1	10.71	1.17	Neural Network (Specific Model)	11	0.739	4985	235.7824639289678	860685	0.29	901	182	22281		SRR24759597	checkm2 on collection 80: Quality report	semibin-multi-sample-binning
68	SemiBin_10	86.27	0.66	Neural Network (Specific Model)	11	0.902	16392	289.47359597652974	1146793	0.46	1193	100	57250		SRR24759597	checkm2 on collection 80: Quality report	semibin-multi-sample-binning
69	SemiBin_113	7.71	0.07	Neural Network (Specific Model)	11	0.869	18235	225.6978851963746	256621	0.43	331	26	62824		SRR24759597	checkm2 on collection 80: Quality report	semibin-multi-sample-binning
70	SemiBin_117	5.9	0.02	Neural Network (Specific Model)	11	0.869	36036	286.94170403587447	220768	0.35	223	10	49900		SRR24759597	checkm2 on collection 80: Quality report	semibin-multi-sample-binning
71	SemiBin_12	41.13	0.05	Neural Network (Specific Model)	11	0.86	3791	253.28865058087575	986753	0.36	1119	258	8829		SRR24759597	checkm2 on collection 80: Quality report	semibin-multi-sample-binning
72	SemiBin_13	48.73	7.11	Neural Network (Specific Model)	11	0.897	4757	269.26756198347107	870874	0.37	968	193	27256		SRR24759597	checkm2 on collection 80: Quality report	semibin-multi-sample-binning
73	SemiBin_17	12.69	0.38	Neural Network (Specific Model)	11	0.913	3732	280.1720430107527	342108	0.36	372	91	7688		SRR24759597	checkm2 on collection 80: Quality report	semibin-multi-sample-binning
74	SemiBin_2	13.87	0.33	Neural Network (Specific Model)	11	0.887	3319	302.01660516605165	552505	0.57	542	158	14909		SRR24759597	checkm2 on collection 80: Quality report	semibin-multi-sample-binning
75	SemiBin_20	36.69	0.0	Neural Network (Specific Model)	11	0.894	3519	244.3721136767318	921445	0.32	1126	255	9866		SRR24759597	checkm2 on collection 80: Quality report	semibin-multi-sample-binning
76	SemiBin_21	55.51	4.14	Neural Network (Specific Model)	11	0.896	4740	268.66015132408575	1424392	0.36	1586	310	15736		SRR24759597	checkm2 on collection 80: Quality report	semibin-multi-sample-binning
77	SemiBin_22	99.99	2.62	Neural Network (Specific Model)	11	0.866	33844	318.0511363636364	2131684	0.34	1936	84	151911		SRR24759597	checkm2 on collection 80: Quality report	semibin-multi-sample-binning
78	SemiBin_23	10.53	0.11	Neural Network (Specific Model)	11	0.887	4569	269.2826747720365	597825	0.38	658	139	12473		SRR24759597	checkm2 on collection 80: Quality report	semibin-multi-sample-binning
79	SemiBin_24	17.12	1.11	Neural Network (Specific Model)	11	0.868	3381	274.37052631578945	449410	0.42	475	123	11337		SRR24759597	checkm2 on collection 80: Quality report	semibin-multi-sample-binning
80	SemiBin_26	8.96	0.04	Neural Network (Specific Model)	11	0.851	6197	269.3448275862069	274562	0.47	290	52	12952		SRR24759597	checkm2 on collection 80: Quality report	semibin-multi-sample-binning
81	SemiBin_28	33.51	0.03	Neural Network (Specific Model)	11	0.894	3498	266.10961214165263	1585770	0.56	1779	445	9188		SRR24759597	checkm2 on collection 80: Quality report	semibin-multi-sample-binning
82	SemiBin_3	24.22	4.21	Neural Network (Specific Model)	11	0.826	3727	267.3363740022805	850272	0.46	877	225	14703		SRR24759597	checkm2 on collection 80: Quality report	semibin-multi-sample-binning
83	SemiBin_31	66.01	5.17	Gradient Boost (General Model)	11	0.917	4670	256.5408	523964	0.37	625	119	14660		SRR24759597	checkm2 on collection 80: Quality report	semibin-multi-sample-binning
84	SemiBin_32	8.12	0.02	Neural Network (Specific Model)	11	0.731	3825	239.6619318181818	345327	0.41	352	88	8494		SRR24759597	checkm2 on collection 80: Quality report	semibin-multi-sample-binning
85	SemiBin_4	38.77	0.11	Neural Network (Specific Model)	11	0.88	3922	273.003738317757	1489877	0.51	1605	387	10181		SRR24759597	checkm2 on collection 80: Quality report	semibin-multi-sample-binning
86	SemiBin_41	49.24	4.01	Neural Network (Specific Model)	11	0.88	4769	274.3379953379953	1201730	0.34	1287	266	21027		SRR24759597	checkm2 on collection 80: Quality report	semibin-multi-sample-binning
87	SemiBin_48	5.05	0.05	Neural Network (Specific Model)	11	0.688	3921	215.37201365187715	274171	0.38	293	67	15919		SRR24759597	checkm2 on collection 80: Quality report	semibin-multi-sample-binning
88	SemiBin_5	39.81	18.51	Neural Network (Specific Model)	11	0.837	6260	283.9405010438413	1946627	0.45	1916	337	44257		SRR24759597	checkm2 on collection 80: Quality report	semibin-multi-sample-binning
89	SemiBin_53	31.7	0.69	Neural Network (Specific Model)	11	0.903	3898	293.53547297297297	576678	0.61	592	149	10332		SRR24759597	checkm2 on collection 80: Quality report	semibin-multi-sample-binning
90	SemiBin_6	66.46	0.09	Neural Network (Specific Model)	11	0.868	6984	288.6264367816092	1387645	0.43	1392	234	22332		SRR24759597	checkm2 on collection 80: Quality report	semibin-multi-sample-binning
91	SemiBin_64	37.74	2.41	Neural Network (Specific Model)	11	0.845	11639	297.12605042016804	1002682	0.46	952	103	32957		SRR24759597	checkm2 on collection 80: Quality report	semibin-multi-sample-binning
92	SemiBin_68	9.76	0.18	Neural Network (Specific Model)	11	0.878	9560	295.81907894736844	306959	0.3	304	42	19510		SRR24759597	checkm2 on collection 80: Quality report	semibin-multi-sample-binning
93	SemiBin_7	11.55	0.0	Neural Network (Specific Model)	11	0.859	3138	250.91666666666663	241285	0.3	276	75	6360		SRR24759597	checkm2 on collection 80: Quality report	semibin-multi-sample-binning
94	SemiBin_79	100.0	0.42	Neural Network (Specific Model)	11	0.86	194137	315.72788923424696	3891417	0.39	3539	42	594787		SRR24759597	checkm2 on collection 80: Quality report	semibin-multi-sample-binning
95	SemiBin_9	17.68	0.0	Neural Network (Specific Model)	11	0.924	3336	276.1349782293178	616470	0.44	689	176	9193		SRR24759597	checkm2 on collection 80: Quality report	semibin-multi-sample-binning
96	SemiBin_99	8.81	0.15	Neural Network (Specific Model)	11	0.923	3291	306.82959641255604	222040	0.48	223	67	5366		SRR24759597	checkm2 on collection 80: Quality report	semibin-multi-sample-binning
97	0.fa	14.51	1.23	Neural Network (Specific Model)	11	0.929	1339	238.0664739884393	265335	0.64	346	193	4309		SRR24759596	checkm2 on collection 79: Quality report	comebin-multi-sample-binning
98	1219.fa	3.91	0.01	Neural Network (Specific Model)	11	0.888	1823	308.4018691588785	222700	0.62	214	119	12586		SRR24759596	checkm2 on collection 79: Quality report	comebin-multi-sample-binning
99	1338.fa	3.96	0.08	Neural Network (Specific Model)	11	0.988	3750	779.6333333333333	213005	0.41	90	76	13811		SRR24759596	checkm2 on collection 79: Quality report	comebin-multi-sample-binning
100	1414.fa	90.69	1.1	Neural Network (Specific Model)	11	0.872	14993	310.3635365183965	1942010	0.34	1821	200	39872		SRR24759596	checkm2 on collection 79: Quality report	comebin-multi-sample-binning
101	1614.fa	33.75	2.28	Neural Network (Specific Model)	11	0.871	5590	280.9314345991561	916362	0.34	948	217	20124		SRR24759596	checkm2 on collection 79: Quality report	comebin-multi-sample-binning
102	1831.fa	5.91	0.01	Neural Network (Specific Model)	11	0.744	2559	236.6988847583643	256415	0.37	269	100	10183		SRR24759596	checkm2 on collection 79: Quality report	comebin-multi-sample-binning
103	193.fa	10.41	0.28	Neural Network (Specific Model)	11	0.909	1569	253.3279569892473	310561	0.61	372	195	4706		SRR24759596	checkm2 on collection 79: Quality report	comebin-multi-sample-binning
104	1931.fa	11.7	0.17	Neural Network (Specific Model)	11	0.78	5435	217.9344729344729	586606	0.31	702	142	31470		SRR24759596	checkm2 on collection 79: Quality report	comebin-multi-sample-binning
105	2073.fa	36.35	13.34	Neural Network (Specific Model)	11	0.898	3782	262.7877358490566	743470	0.36	848	238	19351		SRR24759596	checkm2 on collection 79: Quality report	comebin-multi-sample-binning
106	2311.fa	63.92	2.19	Neural Network (Specific Model)	11	0.898	6193	272.5225653206651	1149054	0.37	1263	244	25622		SRR24759596	checkm2 on collection 79: Quality report	comebin-multi-sample-binning
107	2555.fa	7.14	0.1	Neural Network (Specific Model)	11	0.811	2358	158.12962962962962	251239	0.45	432	125	7634		SRR24759596	checkm2 on collection 79: Quality report	comebin-multi-sample-binning
108	2680.fa	66.99	0.71	Neural Network (Specific Model)	11	0.862	7252	276.1637347767253	1418142	0.43	1478	264	21261		SRR24759596	checkm2 on collection 79: Quality report	comebin-multi-sample-binning
109	2944.fa	97.06	2.64	Neural Network (Specific Model)	11	0.895	16170	339.97920997921	1642174	0.61	1443	183	56668		SRR24759596	checkm2 on collection 79: Quality report	comebin-multi-sample-binning
110	3127.fa	12.14	0.0	Neural Network (Specific Model)	11	0.838	6863	287.8005698005698	361043	0.34	351	76	39632		SRR24759596	checkm2 on collection 79: Quality report	comebin-multi-sample-binning
111	3203.fa	13.8	0.18	Neural Network (Specific Model)	11	0.827	1984	227.18574108818007	438041	0.46	533	228	6653		SRR24759596	checkm2 on collection 79: Quality report	comebin-multi-sample-binning
112	3431.fa	60.41	3.4	Neural Network (Specific Model)	11	0.904	4231	256.17321428571427	950662	0.37	1120	279	16917		SRR24759596	checkm2 on collection 79: Quality report	comebin-multi-sample-binning
113	3710.fa	12.42	0.01	Neural Network (Specific Model)	11	0.812	1716	211.94273127753303	355018	0.46	454	213	4309		SRR24759596	checkm2 on collection 79: Quality report	comebin-multi-sample-binning
114	388.fa	5.7	0.02	Neural Network (Specific Model)	11	0.811	2376	239.75177304964535	249638	0.43	282	119	10954		SRR24759596	checkm2 on collection 79: Quality report	comebin-multi-sample-binning
115	3923.fa	7.39	0.08	Neural Network (Specific Model)	11	0.791	4781	227.06666666666663	308768	0.42	360	95	22096		SRR24759596	checkm2 on collection 79: Quality report	comebin-multi-sample-binning
116	4018.fa	2.58	0.0	Neural Network (Specific Model)	11	0.175	1884	79.67455621301775	229290	0.22	169	126	9414		SRR24759596	checkm2 on collection 79: Quality report	comebin-multi-sample-binning
117	4144.fa	29.35	0.26	Neural Network (Specific Model)	11	0.883	3353	256.01960784313724	664592	0.34	765	224	15618		SRR24759596	checkm2 on collection 79: Quality report	comebin-multi-sample-binning
118	4368.fa	8.73	0.04	Neural Network (Specific Model)	11	0.772	2384	264.3736263736264	373589	0.36	364	173	12493		SRR24759596	checkm2 on collection 79: Quality report	comebin-multi-sample-binning
119	4541.fa	16.5	0.15	Neural Network (Specific Model)	11	0.9	1996	223.6804597701149	323864	0.37	435	172	7061		SRR24759596	checkm2 on collection 79: Quality report	comebin-multi-sample-binning
120	4713.fa	10.71	0.06	Neural Network (Specific Model)	11	0.883	3082	240.04976303317537	343697	0.34	422	132	10948		SRR24759596	checkm2 on collection 79: Quality report	comebin-multi-sample-binning
121	4845.fa	12.9	0.25	Neural Network (Specific Model)	11	0.882	2156	250.57624113475177	479787	0.47	564	242	6661		SRR24759596	checkm2 on collection 79: Quality report	comebin-multi-sample-binning
122	507.fa	10.1	0.01	Neural Network (Specific Model)	11	0.865	2126	229.10619469026548	268765	0.34	339	137	8621		SRR24759596	checkm2 on collection 79: Quality report	comebin-multi-sample-binning
123	5087.fa	20.02	0.34	Neural Network (Specific Model)	11	0.814	3107	230.43096234309624	202654	0.46	239	69	14029		SRR24759596	checkm2 on collection 79: Quality report	comebin-multi-sample-binning
124	5156.fa	45.34	0.12	Neural Network (Specific Model)	11	0.878	4921	260.19023136246784	1035873	0.34	1167	268	15113		SRR24759596	checkm2 on collection 79: Quality report	comebin-multi-sample-binning
125	5424.fa	71.81	3.09	Neural Network (Specific Model)	11	0.903	5418	268.9592592592593	722555	0.36	810	172	21313		SRR24759596	checkm2 on collection 79: Quality report	comebin-multi-sample-binning
126	5596.fa	9.74	0.1	Neural Network (Specific Model)	11	0.766	5243	237.8235294117647	443043	0.32	476	115	29680		SRR24759596	checkm2 on collection 79: Quality report	comebin-multi-sample-binning
127	5711.fa	15.91	1.92	Neural Network (Specific Model)	11	0.834	6092	269.60425531914893	454581	0.45	470	93	18841		SRR24759596	checkm2 on collection 79: Quality report	comebin-multi-sample-binning
128	5804.fa	23.39	0.0	Neural Network (Specific Model)	11	0.884	1779	216.22540250447227	408984	0.43	559	231	6806		SRR24759596	checkm2 on collection 79: Quality report	comebin-multi-sample-binning
129	6035.fa	34.5	0.1	Neural Network (Specific Model)	11	0.87	7749	285.22033898305085	1043149	0.33	1062	184	27861		SRR24759596	checkm2 on collection 79: Quality report	comebin-multi-sample-binning
130	6219.fa	7.24	0.07	Neural Network (Specific Model)	4	0.828	3157	219.15325670498083	411231	0.51	522	152	8995		SRR24759596	checkm2 on collection 79: Quality report	comebin-multi-sample-binning
131	6371.fa	9.85	0.25	Neural Network (Specific Model)	11	0.887	4199	253.29253731343283	286144	0.35	335	85	20898		SRR24759596	checkm2 on collection 79: Quality report	comebin-multi-sample-binning
132	644.fa	11.82	0.02	Neural Network (Specific Model)	11	0.852	3109	247.49330357142856	390020	0.45	448	145	9517		SRR24759596	checkm2 on collection 79: Quality report	comebin-multi-sample-binning
133	6456.fa	21.5	0.89	Neural Network (Specific Model)	11	0.911	2156	228.0964187327824	272086	0.37	363	130	9800		SRR24759596	checkm2 on collection 79: Quality report	comebin-multi-sample-binning
134	6586.fa	64.82	1.55	Neural Network (Specific Model)	11	0.827	16410	292.7082794307891	1638081	0.46	1546	154	84597		SRR24759596	checkm2 on collection 79: Quality report	comebin-multi-sample-binning
135	6740.fa	11.2	0.08	Neural Network (Specific Model)	11	0.855	5326	244.26817042606515	341420	0.35	399	102	11827		SRR24759596	checkm2 on collection 79: Quality report	comebin-multi-sample-binning
136	6842.fa	12.28	0.01	Neural Network (Specific Model)	11	0.759	2177	209.97242647058823	450087	0.43	544	214	17542		SRR24759596	checkm2 on collection 79: Quality report	comebin-multi-sample-binning
137	7056.fa	33.12	1.05	Neural Network (Specific Model)	11	0.898	5090	266.2520231213873	768367	0.35	865	203	24082		SRR24759596	checkm2 on collection 79: Quality report	comebin-multi-sample-binning
138	7259.fa	8.63	0.23	Neural Network (Specific Model)	11	0.906	1292	197.1293800539084	241827	0.36	371	182	2499		SRR24759596	checkm2 on collection 79: Quality report	comebin-multi-sample-binning
139	7441.fa	5.78	0.0	Neural Network (Specific Model)	11	0.848	2307	220.1195928753181	304843	0.4	393	134	28162		SRR24759596	checkm2 on collection 79: Quality report	comebin-multi-sample-binning
140	7575.fa	5.28	0.25	Neural Network (Specific Model)	11	0.917	1761	237.42019543973944	237783	0.63	307	140	4643		SRR24759596	checkm2 on collection 79: Quality report	comebin-multi-sample-binning
141	7715.fa	5.71	0.0	Neural Network (Specific Model)	11	0.886	164069	265.07246376811594	247409	0.39	276	9	164069		SRR24759596	checkm2 on collection 79: Quality report	comebin-multi-sample-binning
142	7724.fa	8.44	0.2	Neural Network (Specific Model)	11	0.918	2832	196.61940298507463	257101	0.48	402	106	10327		SRR24759596	checkm2 on collection 79: Quality report	comebin-multi-sample-binning
143	7830.fa	6.62	0.0	Neural Network (Specific Model)	11	0.72	1557	188.4192307692308	203259	0.42	260	127	4788		SRR24759596	checkm2 on collection 79: Quality report	comebin-multi-sample-binning
144	789.fa	3.77	0.0	Neural Network (Specific Model)	11	0.966	2031	539.5590551181102	212680	0.47	127	109	6373		SRR24759596	checkm2 on collection 79: Quality report	comebin-multi-sample-binning
145	7957.fa	6.27	0.0	Neural Network (Specific Model)	11	0.653	2490	177.61300309597524	263268	0.29	323	119	8008		SRR24759596	checkm2 on collection 79: Quality report	comebin-multi-sample-binning
146	8076.fa	8.62	0.0	Neural Network (Specific Model)	11	0.823	7524	232.3356890459364	238809	0.36	283	45	47687		SRR24759596	checkm2 on collection 79: Quality report	comebin-multi-sample-binning
147	8121.fa	4.64	0.04	Neural Network (Specific Model)	11	0.84	1907	217.26050420168067	276060	0.51	357	152	8032		SRR24759596	checkm2 on collection 79: Quality report	comebin-multi-sample-binning
148	8273.fa	15.68	0.23	Neural Network (Specific Model)	11	0.847	6991	275.2012847965739	454545	0.46	467	81	24279		SRR24759596	checkm2 on collection 79: Quality report	comebin-multi-sample-binning
149	8354.fa	8.56	0.01	Neural Network (Specific Model)	11	0.788	3438	206.39798488664988	311169	0.32	397	106	26887		SRR24759596	checkm2 on collection 79: Quality report	comebin-multi-sample-binning
150	8460.fa	6.52	0.13	Neural Network (Specific Model)	11	0.879	3059	253.9078014184397	243919	0.41	282	97	26629		SRR24759596	checkm2 on collection 79: Quality report	comebin-multi-sample-binning
151	8557.fa	30.94	11.96	Neural Network (Specific Model)	11	0.896	5149	278.6301369863013	611607	0.38	657	157	19240		SRR24759596	checkm2 on collection 79: Quality report	comebin-multi-sample-binning
152	8714.fa	5.17	0.26	Neural Network (Specific Model)	11	0.804	2177	223.6490566037736	220546	0.53	265	107	7864		SRR24759596	checkm2 on collection 79: Quality report	comebin-multi-sample-binning
153	8821.fa	93.65	0.23	Neural Network (Specific Model)	11	0.895	90094	295.5288753799392	1301963	0.45	1316	18	247462		SRR24759596	checkm2 on collection 79: Quality report	comebin-multi-sample-binning
154	8839.fa	4.67	0.02	Neural Network (Specific Model)	11	0.869	5245	267.10769230769233	239671	0.36	260	67	20277		SRR24759596	checkm2 on collection 79: Quality report	comebin-multi-sample-binning
155	898.fa	26.47	3.7	Neural Network (Specific Model)	11	0.927	1348	229.8148148148148	440924	0.63	594	321	3250		SRR24759596	checkm2 on collection 79: Quality report	comebin-multi-sample-binning
156	0.fa	34.6	0.14	Neural Network (Specific Model)	11	0.89	1526	208.71591836734692	860035	0.38	1225	559	5686		SRR24759597	checkm2 on collection 79: Quality report	comebin-multi-sample-binning
157	10343.fa	62.59	10.01	Neural Network (Specific Model)	11	0.82	3273	239.7497098646035	2262732	0.45	2585	793	20872		SRR24759597	checkm2 on collection 79: Quality report	comebin-multi-sample-binning
158	11136.fa	48.29	0.84	Gradient Boost (General Model)	11	0.919	2049	237.30279431974347	1685902	0.44	2183	867	9117		SRR24759597	checkm2 on collection 79: Quality report	comebin-multi-sample-binning
159	12003.fa	4.59	0.12	Neural Network (Specific Model)	11	0.622	1487	152.46319018404907	238962	0.43	326	156	4144		SRR24759597	checkm2 on collection 79: Quality report	comebin-multi-sample-binning
160	12159.fa	71.09	2.65	Neural Network (Specific Model)	11	0.882	2611	241.9101728534996	2895362	0.51	3529	1247	10181		SRR24759597	checkm2 on collection 79: Quality report	comebin-multi-sample-binning
161	1218.fa	15.67	0.62	Neural Network (Specific Model)	11	0.807	2319	202.0598690364827	800372	0.43	1069	391	15835		SRR24759597	checkm2 on collection 79: Quality report	comebin-multi-sample-binning
162	13406.fa	57.43	12.16	Neural Network (Specific Model)	11	0.851	1758	223.20297259637715	1691815	0.42	2153	973	8002		SRR24759597	checkm2 on collection 79: Quality report	comebin-multi-sample-binning
163	14379.fa	27.1	1.56	Neural Network (Specific Model)	11	0.741	1709	194.04480955937265	1048882	0.43	1339	609	12373		SRR24759597	checkm2 on collection 79: Quality report	comebin-multi-sample-binning
164	14988.fa	81.47	24.98	Neural Network (Specific Model)	11	0.899	2730	253.60970551638323	2037316	0.37	2411	864	27256		SRR24759597	checkm2 on collection 79: Quality report	comebin-multi-sample-binning
165	15852.fa	29.39	2.14	Neural Network (Specific Model)	11	0.782	1643	190.40883590462832	1038545	0.44	1426	633	6216		SRR24759597	checkm2 on collection 79: Quality report	comebin-multi-sample-binning
166	1609.fa	73.07	6.35	Neural Network (Specific Model)	11	0.848	3346	247.1274226804124	2116313	0.33	2425	755	21027		SRR24759597	checkm2 on collection 79: Quality report	comebin-multi-sample-binning
167	16485.fa	71.91	2.83	Neural Network (Specific Model)	11	0.893	2372	217.726626776365	1950639	0.31	2674	925	9866		SRR24759597	checkm2 on collection 79: Quality report	comebin-multi-sample-binning
168	17410.fa	6.31	0.01	Neural Network (Specific Model)	11	0.552	1627	180.27272727272728	387155	0.27	396	240	5072		SRR24759597	checkm2 on collection 79: Quality report	comebin-multi-sample-binning
169	17650.fa	38.36	0.09	Neural Network (Specific Model)	11	0.821	1603	208.0228716645489	1194607	0.29	1574	735	7997		SRR24759597	checkm2 on collection 79: Quality report	comebin-multi-sample-binning
170	18385.fa	8.25	0.26	Neural Network (Specific Model)	11	0.832	2572	219.41794871794872	615226	0.37	780	252	31074		SRR24759597	checkm2 on collection 79: Quality report	comebin-multi-sample-binning
171	18637.fa	15.31	0.31	Neural Network (Specific Model)	11	0.888	3326	249.5632603406326	691441	0.36	822	264	49900		SRR24759597	checkm2 on collection 79: Quality report	comebin-multi-sample-binning
172	18901.fa	89.53	0.61	Neural Network (Specific Model)	11	0.899	14618	276.22435424354245	1246607	0.45	1355	155	57250		SRR24759597	checkm2 on collection 79: Quality report	comebin-multi-sample-binning
173	19056.fa	99.99	1.71	Neural Network (Specific Model)	11	0.858	32389	305.5532367972743	2504702	0.34	2348	210	151911		SRR24759597	checkm2 on collection 79: Quality report	comebin-multi-sample-binning
174	19266.fa	6.26	0.01	Neural Network (Specific Model)	11	0.859	3355	201.3767441860465	301087	0.45	430	106	35177		SRR24759597	checkm2 on collection 79: Quality report	comebin-multi-sample-binning
175	19372.fa	11.23	0.12	Neural Network (Specific Model)	11	0.87	1779	194.14410480349343	458155	0.4	687	268	6119		SRR24759597	checkm2 on collection 79: Quality report	comebin-multi-sample-binning
176	19640.fa	73.87	11.84	Neural Network (Specific Model)	11	0.896	3353	242.8266253869969	1573153	0.36	1938	579	15736		SRR24759597	checkm2 on collection 79: Quality report	comebin-multi-sample-binning
177	20219.fa	7.38	0.03	Neural Network (Specific Model)	11	0.752	2402	188.5900900900901	333225	0.29	444	152	11809		SRR24759597	checkm2 on collection 79: Quality report	comebin-multi-sample-binning
178	20371.fa	11.88	0.22	Neural Network (Specific Model)	11	0.875	9335	276.7741046831956	344188	0.3	363	65	19510		SRR24759597	checkm2 on collection 79: Quality report	comebin-multi-sample-binning
179	20436.fa	31.79	12.29	Neural Network (Specific Model)	11	0.872	2140	234.97864768683277	453442	0.47	562	223	6406		SRR24759597	checkm2 on collection 79: Quality report	comebin-multi-sample-binning
180	20659.fa	22.15	1.0	Neural Network (Specific Model)	11	0.846	1435	207.2714859437751	912919	0.34	1245	596	7688		SRR24759597	checkm2 on collection 79: Quality report	comebin-multi-sample-binning
181	21255.fa	71.49	6.86	Neural Network (Specific Model)	11	0.895	2107	242.38945476333132	1353726	0.61	1669	671	10332		SRR24759597	checkm2 on collection 79: Quality report	comebin-multi-sample-binning
182	21926.fa	39.06	2.83	Neural Network (Specific Model)	11	0.858	1951	223.1237964236589	1132023	0.34	1454	588	8591		SRR24759597	checkm2 on collection 79: Quality report	comebin-multi-sample-binning
183	22514.fa	19.25	0.88	Neural Network (Specific Model)	11	0.809	1629	206.4049955396967	856252	0.39	1121	507	12829		SRR24759597	checkm2 on collection 79: Quality report	comebin-multi-sample-binning
184	23021.fa	7.45	0.13	Neural Network (Specific Model)	11	0.881	1636	218.2407732864675	421850	0.63	569	241	8156		SRR24759597	checkm2 on collection 79: Quality report	comebin-multi-sample-binning
185	23262.fa	31.44	6.21	Neural Network (Specific Model)	11	0.835	1868	215.7231182795699	863465	0.45	1116	462	5786		SRR24759597	checkm2 on collection 79: Quality report	comebin-multi-sample-binning
186	2364.fa	89.22	2.8	Neural Network (Specific Model)	11	0.845	5252	264.71117166212537	2066177	0.42	2202	543	22332		SRR24759597	checkm2 on collection 79: Quality report	comebin-multi-sample-binning
187	23724.fa	7.8	0.03	Neural Network (Specific Model)	11	0.757	4579	228.20260223048328	484429	0.38	538	140	20456		SRR24759597	checkm2 on collection 79: Quality report	comebin-multi-sample-binning
188	23864.fa	21.38	1.9	Neural Network (Specific Model)	11	0.782	2294	217.8646080760095	701989	0.43	842	327	13699		SRR24759597	checkm2 on collection 79: Quality report	comebin-multi-sample-binning
189	24191.fa	60.3	3.2	Gradient Boost (General Model)	11	0.885	2419	232.7678947368421	1495922	0.55	1900	691	8504		SRR24759597	checkm2 on collection 79: Quality report	comebin-multi-sample-binning
190	24882.fa	72.65	5.04	Neural Network (Specific Model)	11	0.822	8104	274.1350418925579	2027204	0.46	2029	392	44257		SRR24759597	checkm2 on collection 79: Quality report	comebin-multi-sample-binning
191	25274.fa	27.73	0.07	Neural Network (Specific Model)	11	0.908	2146	239.6435768261965	1881170	0.58	2382	939	9188		SRR24759597	checkm2 on collection 79: Quality report	comebin-multi-sample-binning
192	26213.fa	7.93	0.06	Neural Network (Specific Model)	11	0.692	2942	187.11699164345404	580105	0.39	718	251	16812		SRR24759597	checkm2 on collection 79: Quality report	comebin-multi-sample-binning
193	26464.fa	6.23	0.03	Neural Network (Specific Model)	11	0.814	1431	184.00836820083683	323673	0.31	478	213	5029		SRR24759597	checkm2 on collection 79: Quality report	comebin-multi-sample-binning
194	26677.fa	9.05	0.12	Neural Network (Specific Model)	11	0.863	2286	183.5068119891008	465840	0.42	734	216	15723		SRR24759597	checkm2 on collection 79: Quality report	comebin-multi-sample-binning
195	26893.fa	8.55	0.09	Neural Network (Specific Model)	11	0.771	2004	162.64272211720228	332601	0.35	529	162	36178		SRR24759597	checkm2 on collection 79: Quality report	comebin-multi-sample-binning
196	27055.fa	4.34	0.02	Neural Network (Specific Model)	11	0.88	1423	285.49769585253455	210796	0.61	217	142	5700		SRR24759597	checkm2 on collection 79: Quality report	comebin-multi-sample-binning
197	27197.fa	10.68	0.12	Neural Network (Specific Model)	11	0.85	2002	193.90010405827263	655361	0.49	961	345	6580		SRR24759597	checkm2 on collection 79: Quality report	comebin-multi-sample-binning
198	27542.fa	5.56	0.0	Neural Network (Specific Model)	11	0.776	12798	249.27142857142857	201924	0.41	210	39	50078		SRR24759597	checkm2 on collection 79: Quality report	comebin-multi-sample-binning
199	27581.fa	5.74	0.22	Neural Network (Specific Model)	11	0.909	2433	410.68669527897	315377	0.45	233	147	13460		SRR24759597	checkm2 on collection 79: Quality report	comebin-multi-sample-binning
200	27728.fa	6.19	0.01	Neural Network (Specific Model)	11	0.893	2297	199.14376996805112	208547	0.4	313	100	7749		SRR24759597	checkm2 on collection 79: Quality report	comebin-multi-sample-binning
201	27828.fa	6.44	0.01	Neural Network (Specific Model)	11	0.924	1899	379.7378048780488	201870	0.39	164	108	7808		SRR24759597	checkm2 on collection 79: Quality report	comebin-multi-sample-binning
202	27936.fa	100.0	0.42	Neural Network (Specific Model)	11	0.857	194137	313.6724728726442	3841908	0.39	3502	43	594787		SRR24759597	checkm2 on collection 79: Quality report	comebin-multi-sample-binning
203	2907.fa	80.29	1.48	Gradient Boost (General Model)	11	0.858	2547	228.06094527363183	1920172	0.36	2412	851	8829		SRR24759597	checkm2 on collection 79: Quality report	comebin-multi-sample-binning
204	3758.fa	19.91	8.27	Neural Network (Specific Model)	11	0.869	1769	232.95294117647057	682417	0.47	850	399	7469		SRR24759597	checkm2 on collection 79: Quality report	comebin-multi-sample-binning
205	4157.fa	48.3	11.84	Neural Network (Specific Model)	11	0.828	3604	248.1561059907834	1558130	0.45	1736	515	14156		SRR24759597	checkm2 on collection 79: Quality report	comebin-multi-sample-binning
206	4672.fa	59.11	3.13	Neural Network (Specific Model)	11	0.901	3079	234.6947194719472	945082	0.37	1212	363	15055		SRR24759597	checkm2 on collection 79: Quality report	comebin-multi-sample-binning
207	5035.fa	37.68	6.96	Neural Network (Specific Model)	11	0.868	1619	213.264724116553	1185870	0.35	1613	697	11934		SRR24759597	checkm2 on collection 79: Quality report	comebin-multi-sample-binning
208	559.fa	33.31	3.18	Neural Network (Specific Model)	11	0.868	1879	218.034198860038	1188169	0.35	1579	659	6394		SRR24759597	checkm2 on collection 79: Quality report	comebin-multi-sample-binning
209	5732.fa	42.81	6.59	Neural Network (Specific Model)	11	0.847	1817	212.85222166749875	1508104	0.34	2003	852	8539		SRR24759597	checkm2 on collection 79: Quality report	comebin-multi-sample-binning
210	6584.fa	92.56	3.65	Gradient Boost (General Model)	11	0.912	4716	271.10550996483	3034572	0.42	3412	832	19744		SRR24759597	checkm2 on collection 79: Quality report	comebin-multi-sample-binning
211	7416.fa	18.02	1.68	Neural Network (Specific Model)	11	0.823	1662	208.29160739687052	532706	0.45	703	319	7813		SRR24759597	checkm2 on collection 79: Quality report	comebin-multi-sample-binning
212	7735.fa	11.12	1.66	Neural Network (Specific Model)	11	0.711	1869	192.2674418604651	556781	0.43	688	302	11236		SRR24759597	checkm2 on collection 79: Quality report	comebin-multi-sample-binning
213	8037.fa	57.16	29.6	Neural Network (Specific Model)	11	0.918	1423	231.88319609637085	2479792	0.62	3279	1676	7870		SRR24759597	checkm2 on collection 79: Quality report	comebin-multi-sample-binning
214	9713.fa	13.97	3.77	Neural Network (Specific Model)	11	0.815	1643	205.60778658976207	1045213	0.53	1387	630	14909		SRR24759597	checkm2 on collection 79: Quality report	comebin-multi-sample-binning
215	0.fa	4.3	0.4	Neural Network (Specific Model)	11	0.982	3750	752.2871287128713	232036	0.4	101	82	13811		SRR24759596	checkm2 on collection 59: Quality report	comebin-single-sample-binning
216	1046.fa	30.95	10.26	Neural Network (Specific Model)	11	0.9	5903	283.7383820998279	548448	0.38	581	118	19240		SRR24759596	checkm2 on collection 59: Quality report	comebin-single-sample-binning
217	1164.fa	10.16	0.08	Neural Network (Specific Model)	11	0.9	5536	305.78991596638656	242135	0.33	238	48	27861		SRR24759596	checkm2 on collection 59: Quality report	comebin-single-sample-binning
218	1212.fa	18.25	0.02	Neural Network (Specific Model)	11	0.904	5846	275.4926931106472	437217	0.35	479	87	24082		SRR24759596	checkm2 on collection 59: Quality report	comebin-single-sample-binning
219	1299.fa	5.41	0.01	Neural Network (Specific Model)	11	0.883	164069	273.31140350877195	211345	0.39	228	3	164069		SRR24759596	checkm2 on collection 59: Quality report	comebin-single-sample-binning
220	1302.fa	6.45	0.3	Neural Network (Specific Model)	11	0.932	3119	185.9208211143695	203075	0.47	341	77	14344		SRR24759596	checkm2 on collection 59: Quality report	comebin-single-sample-binning
221	1379.fa	51.14	0.1	Neural Network (Specific Model)	11	0.827	17780	297.60689655172416	1406832	0.46	1305	97	84597		SRR24759596	checkm2 on collection 59: Quality report	comebin-single-sample-binning
222	1476.fa	10.01	0.0	Neural Network (Specific Model)	11	0.844	13576	276.3815261044177	244305	0.35	249	25	39632		SRR24759596	checkm2 on collection 59: Quality report	comebin-single-sample-binning
223	1501.fa	11.05	0.0	Neural Network (Specific Model)	11	0.899	9071	275.4703947368421	279106	0.37	304	35	19569		SRR24759596	checkm2 on collection 59: Quality report	comebin-single-sample-binning
224	1536.fa	46.44	0.11	Neural Network (Specific Model)	11	0.867	7976	288.03143418467585	1013354	0.43	1018	155	21261		SRR24759596	checkm2 on collection 59: Quality report	comebin-single-sample-binning
225	169.fa	85.7	0.93	Neural Network (Specific Model)	11	0.871	15712	308.92075015124016	1756680	0.34	1653	160	39872		SRR24759596	checkm2 on collection 59: Quality report	comebin-single-sample-binning
226	1691.fa	11.94	1.78	Neural Network (Specific Model)	11	0.883	4518	268.93624161073825	272127	0.36	298	72	13929		SRR24759596	checkm2 on collection 59: Quality report	comebin-single-sample-binning
227	1763.fa	8.55	0.04	Neural Network (Specific Model)	11	0.87	7020	267.7763713080169	218619	0.35	237	39	14054		SRR24759596	checkm2 on collection 59: Quality report	comebin-single-sample-binning
228	1802.fa	93.67	0.24	Neural Network (Specific Model)	11	0.895	90094	294.5332326283988	1305732	0.45	1324	17	247462		SRR24759596	checkm2 on collection 59: Quality report	comebin-single-sample-binning
229	1819.fa	4.62	0.02	Neural Network (Specific Model)	11	0.871	5245	251.3935742971888	215476	0.35	249	54	20277		SRR24759596	checkm2 on collection 59: Quality report	comebin-single-sample-binning
230	329.fa	97.63	1.93	Neural Network (Specific Model)	11	0.898	16501	343.5469534050179	1599827	0.61	1395	164	56668		SRR24759596	checkm2 on collection 59: Quality report	comebin-single-sample-binning
231	493.fa	6.89	0.0	Neural Network (Specific Model)	11	0.797	6950	251.64655172413796	219364	0.28	232	43	24753		SRR24759596	checkm2 on collection 59: Quality report	comebin-single-sample-binning
232	536.fa	38.38	3.04	Neural Network (Specific Model)	11	0.923	6316	271.03716814159293	497225	0.38	565	108	16917		SRR24759596	checkm2 on collection 59: Quality report	comebin-single-sample-binning
233	644.fa	60.7	3.82	Neural Network (Specific Model)	11	0.903	6148	261.49122807017545	642328	0.37	741	128	39661		SRR24759596	checkm2 on collection 59: Quality report	comebin-single-sample-binning
234	772.fa	12.12	0.22	Neural Network (Specific Model)	11	0.848	9329	304.34864864864863	397852	0.45	370	49	24279		SRR24759596	checkm2 on collection 59: Quality report	comebin-single-sample-binning
235	82.fa	15.24	7.37	Neural Network (Specific Model)	11	0.932	4623	268.9254498714653	336223	0.35	389	87	20898		SRR24759596	checkm2 on collection 59: Quality report	comebin-single-sample-binning
236	821.fa	17.85	1.18	Neural Network (Specific Model)	11	0.878	9881	314.934595524957	624512	0.33	581	81	31470		SRR24759596	checkm2 on collection 59: Quality report	comebin-single-sample-binning
237	902.fa	6.25	0.04	Neural Network (Specific Model)	11	0.769	3235	218.9102564102564	395983	0.51	468	144	8995		SRR24759596	checkm2 on collection 59: Quality report	comebin-single-sample-binning
238	0.fa	29.82	0.12	Neural Network (Specific Model)	11	0.889	1559	206.44824399260628	752268	0.38	1082	486	4355		SRR24759597	checkm2 on collection 59: Quality report	comebin-single-sample-binning
239	10300.fa	22.67	2.98	Neural Network (Specific Model)	11	0.801	3766	239.7297650130548	686214	0.44	766	215	13838		SRR24759597	checkm2 on collection 59: Quality report	comebin-single-sample-binning
240	10515.fa	11.23	0.86	Neural Network (Specific Model)	11	0.759	2627	203.905	321576	0.44	400	140	6290		SRR24759597	checkm2 on collection 59: Quality report	comebin-single-sample-binning
241	10655.fa	70.52	2.68	Neural Network (Specific Model)	11	0.896	2420	219.42646488164533	1888499	0.31	2577	884	9866		SRR24759597	checkm2 on collection 59: Quality report	comebin-single-sample-binning
242	11539.fa	65.16	7.78	Neural Network (Specific Model)	11	0.883	3518	257.56846473029043	1685809	0.34	1928	565	21027		SRR24759597	checkm2 on collection 59: Quality report	comebin-single-sample-binning
243	1161.fa	88.22	2.85	Neural Network (Specific Model)	11	0.846	5375	265.4227680680208	1990410	0.42	2117	508	22332		SRR24759597	checkm2 on collection 59: Quality report	comebin-single-sample-binning
244	12104.fa	3.19	0.0	Neural Network (Specific Model)	11	0.267	1695	102.67175572519083	299952	0.23	262	172	26197		SRR24759597	checkm2 on collection 59: Quality report	comebin-single-sample-binning
245	12276.fa	35.89	0.15	Neural Network (Specific Model)	11	0.863	1683	214.53851744186048	1024423	0.3	1376	615	6360		SRR24759597	checkm2 on collection 59: Quality report	comebin-single-sample-binning
246	12891.fa	13.24	0.19	Neural Network (Specific Model)	11	0.893	1566	236.75510204081635	311385	0.47	392	196	6521		SRR24759597	checkm2 on collection 59: Quality report	comebin-single-sample-binning
247	13087.fa	7.41	0.05	Neural Network (Specific Model)	11	0.861	2964	219.1494252873563	330966	0.4	435	130	29140		SRR24759597	checkm2 on collection 59: Quality report	comebin-single-sample-binning
248	13217.fa	21.25	1.16	Neural Network (Specific Model)	11	0.909	3127	301.35625596943646	1040068	0.36	1047	396	49900		SRR24759597	checkm2 on collection 59: Quality report	comebin-single-sample-binning
249	13613.fa	89.12	1.92	Neural Network (Specific Model)	11	0.9	15902	283.74175824175825	1203864	0.46	1274	131	57250		SRR24759597	checkm2 on collection 59: Quality report	comebin-single-sample-binning
250	13744.fa	19.55	3.36	Neural Network (Specific Model)	11	0.902	1368	217.95748160261653	883954	0.6	1223	616	7870		SRR24759597	checkm2 on collection 59: Quality report	comebin-single-sample-binning
251	14360.fa	99.91	2.64	Neural Network (Specific Model)	11	0.859	32389	304.52482876712327	2481609	0.34	2336	187	151911		SRR24759597	checkm2 on collection 59: Quality report	comebin-single-sample-binning
252	14547.fa	11.17	0.52	Neural Network (Specific Model)	11	0.856	2098	173.67178276269186	512938	0.46	847	251	10423		SRR24759597	checkm2 on collection 59: Quality report	comebin-single-sample-binning
253	14798.fa	12.39	1.58	Neural Network (Specific Model)	11	0.887	2417	202.9660766961652	462984	0.43	678	206	9655		SRR24759597	checkm2 on collection 59: Quality report	comebin-single-sample-binning
254	15004.fa	77.72	22.3	Neural Network (Specific Model)	11	0.901	2738	245.7835630423685	1600709	0.37	1959	664	27256		SRR24759597	checkm2 on collection 59: Quality report	comebin-single-sample-binning
255	15668.fa	64.3	7.49	Neural Network (Specific Model)	11	0.906	3477	248.81350954478708	1120835	0.37	1362	404	15736		SRR24759597	checkm2 on collection 59: Quality report	comebin-single-sample-binning
256	16072.fa	24.39	1.03	Neural Network (Specific Model)	11	0.899	1311	199.5823699421965	460074	0.37	692	335	4086		SRR24759597	checkm2 on collection 59: Quality report	comebin-single-sample-binning
257	16407.fa	5.49	1.59	Neural Network (Specific Model)	11	0.862	1864	212.1454005934718	248144	0.45	337	134	6604		SRR24759597	checkm2 on collection 59: Quality report	comebin-single-sample-binning
258	16541.fa	9.42	0.16	Neural Network (Specific Model)	11	0.862	6815	269.7636815920398	377096	0.31	402	88	19510		SRR24759597	checkm2 on collection 59: Quality report	comebin-single-sample-binning
259	16629.fa	7.61	0.0	Neural Network (Specific Model)	11	0.848	1661	176.03135888501745	355775	0.44	574	213	6216		SRR24759597	checkm2 on collection 59: Quality report	comebin-single-sample-binning
260	1669.fa	75.2	1.19	Gradient Boost (General Model)	11	0.862	2585	233.3572735590119	1772221	0.36	2186	771	8829		SRR24759597	checkm2 on collection 59: Quality report	comebin-single-sample-binning
261	16842.fa	7.37	0.03	Neural Network (Specific Model)	11	0.68	2565	200.3793103448276	332602	0.39	377	147	15835		SRR24759597	checkm2 on collection 59: Quality report	comebin-single-sample-binning
262	16989.fa	11.58	1.15	Neural Network (Specific Model)	11	0.876	1697	213.09402795425663	573051	0.42	787	331	12829		SRR24759597	checkm2 on collection 59: Quality report	comebin-single-sample-binning
263	17320.fa	24.22	17.35	Neural Network (Specific Model)	11	0.89	2075	251.6830601092896	464868	0.47	549	232	12709		SRR24759597	checkm2 on collection 59: Quality report	comebin-single-sample-binning
264	17552.fa	70.9	10.48	Neural Network (Specific Model)	11	0.901	2009	245.77536997885835	1545938	0.61	1892	799	10332		SRR24759597	checkm2 on collection 59: Quality report	comebin-single-sample-binning
265	18351.fa	7.43	0.27	Neural Network (Specific Model)	11	0.667	2432	184.66666666666663	476513	0.4	576	222	10356		SRR24759597	checkm2 on collection 59: Quality report	comebin-single-sample-binning
266	18573.fa	7.5	0.13	Neural Network (Specific Model)	11	0.876	1663	239.4234930448223	529317	0.63	647	300	8156		SRR24759597	checkm2 on collection 59: Quality report	comebin-single-sample-binning
267	18873.fa	10.31	2.54	Neural Network (Specific Model)	11	0.848	1815	209.99738903394257	284115	0.33	383	164	7502		SRR24759597	checkm2 on collection 59: Quality report	comebin-single-sample-binning
268	19037.fa	10.47	4.05	Neural Network (Specific Model)	11	0.839	2941	234.8987341772152	330487	0.46	395	132	9949		SRR24759597	checkm2 on collection 59: Quality report	comebin-single-sample-binning
269	19169.fa	58.51	3.29	Gradient Boost (General Model)	11	0.893	2440	240.3913043478261	1538146	0.55	1909	693	9188		SRR24759597	checkm2 on collection 59: Quality report	comebin-single-sample-binning
270	19862.fa	62.91	6.37	Neural Network (Specific Model)	11	0.834	8960	284.19237435008665	1765810	0.46	1731	275	44257		SRR24759597	checkm2 on collection 59: Quality report	comebin-single-sample-binning
271	20137.fa	8.7	0.04	Neural Network (Specific Model)	11	0.852	2060	219.42751479289944	521247	0.52	676	264	6458		SRR24759597	checkm2 on collection 59: Quality report	comebin-single-sample-binning
272	20401.fa	8.17	0.27	Neural Network (Specific Model)	11	0.834	1726	241.2372881355932	204450	0.47	236	119	6232		SRR24759597	checkm2 on collection 59: Quality report	comebin-single-sample-binning
273	20520.fa	11.69	2.16	Neural Network (Specific Model)	11	0.901	1427	185.43188405797105	212273	0.39	345	142	6904		SRR24759597	checkm2 on collection 59: Quality report	comebin-single-sample-binning
274	20662.fa	32.4	7.37	Neural Network (Specific Model)	11	0.876	3233	237.55143338954468	962779	0.34	1186	359	15055		SRR24759597	checkm2 on collection 59: Quality report	comebin-single-sample-binning
275	21021.fa	17.21	1.37	Neural Network (Specific Model)	11	0.89	3529	250.22792792792796	933197	0.39	1110	323	12518		SRR24759597	checkm2 on collection 59: Quality report	comebin-single-sample-binning
276	21344.fa	4.71	0.03	Neural Network (Specific Model)	11	0.716	1648	204.59692307692308	278303	0.33	325	162	8978		SRR24759597	checkm2 on collection 59: Quality report	comebin-single-sample-binning
277	21506.fa	7.09	0.0	Neural Network (Specific Model)	11	0.889	2910	205.26799007444168	278031	0.47	403	109	35177		SRR24759597	checkm2 on collection 59: Quality report	comebin-single-sample-binning
278	21615.fa	6.42	0.11	Neural Network (Specific Model)	4	0.748	1460	176.75572519083968	276061	0.45	393	184	4445		SRR24759597	checkm2 on collection 59: Quality report	comebin-single-sample-binning
279	21799.fa	13.05	0.38	Neural Network (Specific Model)	11	0.865	1847	207.1415797317437	481446	0.34	671	266	6471		SRR24759597	checkm2 on collection 59: Quality report	comebin-single-sample-binning
280	22065.fa	7.74	0.03	Neural Network (Specific Model)	11	0.797	1508	185.38867924528304	368954	0.3	530	238	4605		SRR24759597	checkm2 on collection 59: Quality report	comebin-single-sample-binning
281	22303.fa	23.19	0.11	Neural Network (Specific Model)	11	0.92	2162	241.7163080407701	1387962	0.59	1766	688	8408		SRR24759597	checkm2 on collection 59: Quality report	comebin-single-sample-binning
282	22991.fa	18.59	4.6	Neural Network (Specific Model)	11	0.923	1433	246.41711229946523	299089	0.38	374	200	5882		SRR24759597	checkm2 on collection 59: Quality report	comebin-single-sample-binning
283	23191.fa	5.58	0.09	Neural Network (Specific Model)	11	0.928	2380	482.0119521912351	390970	0.45	251	180	13460		SRR24759597	checkm2 on collection 59: Quality report	comebin-single-sample-binning
284	23371.fa	4.7	0.6	Neural Network (Specific Model)	11	0.767	1631	185.69727891156464	213023	0.45	294	131	4698		SRR24759597	checkm2 on collection 59: Quality report	comebin-single-sample-binning
285	23502.fa	14.24	0.73	Neural Network (Specific Model)	11	0.832	4557	256.6492248062016	476722	0.45	516	123	13516		SRR24759597	checkm2 on collection 59: Quality report	comebin-single-sample-binning
286	23625.fa	11.04	0.22	Neural Network (Specific Model)	11	0.722	3164	193.6919191919192	636352	0.31	792	246	13218		SRR24759597	checkm2 on collection 59: Quality report	comebin-single-sample-binning
287	23871.fa	4.28	0.0	Neural Network (Specific Model)	11	0.844	1833	199.51193633952252	266528	0.52	377	149	8504		SRR24759597	checkm2 on collection 59: Quality report	comebin-single-sample-binning
288	24020.fa	8.81	0.51	Neural Network (Specific Model)	11	0.819	2910	236.7323943661972	307311	0.46	355	116	12418		SRR24759597	checkm2 on collection 59: Quality report	comebin-single-sample-binning
289	24136.fa	7.16	0.07	Neural Network (Specific Model)	11	0.695	3538	205.6513513513513	327492	0.38	370	126	15919		SRR24759597	checkm2 on collection 59: Quality report	comebin-single-sample-binning
290	24262.fa	10.42	0.09	Neural Network (Specific Model)	11	0.763	6639	219.10091743119267	467722	0.41	545	95	50078		SRR24759597	checkm2 on collection 59: Quality report	comebin-single-sample-binning
291	24357.fa	5.11	0.01	Neural Network (Specific Model)	11	0.838	2071	177.48670756646217	309392	0.49	489	149	18262		SRR24759597	checkm2 on collection 59: Quality report	comebin-single-sample-binning
292	2440.fa	26.12	8.08	Neural Network (Specific Model)	11	0.852	3777	264.6897470039947	698480	0.45	751	221	13672		SRR24759597	checkm2 on collection 59: Quality report	comebin-single-sample-binning
293	24506.fa	7.38	0.04	Neural Network (Specific Model)	11	0.744	3642	210.5532879818594	373388	0.4	441	132	12709		SRR24759597	checkm2 on collection 59: Quality report	comebin-single-sample-binning
294	24638.fa	80.33	0.07	Neural Network (Specific Model)	11	0.861	172811	317.3783783783784	3186647	0.39	2886	34	350293		SRR24759597	checkm2 on collection 59: Quality report	comebin-single-sample-binning
295	24672.fa	16.65	0.0	Neural Network (Specific Model)	11	0.838	594787	308.9	596596	0.38	540	2	594787		SRR24759597	checkm2 on collection 59: Quality report	comebin-single-sample-binning
296	2661.fa	26.65	3.11	Neural Network (Specific Model)	11	0.899	1729	228.1304347826087	839075	0.36	1104	494	6134		SRR24759597	checkm2 on collection 59: Quality report	comebin-single-sample-binning
297	3155.fa	56.87	5.53	Neural Network (Specific Model)	11	0.9	3069	233.73513986013987	889604	0.37	1144	348	14660		SRR24759597	checkm2 on collection 59: Quality report	comebin-single-sample-binning
298	3503.fa	12.75	2.22	Neural Network (Specific Model)	11	0.866	2307	228.5045180722892	524726	0.34	664	253	7688		SRR24759597	checkm2 on collection 59: Quality report	comebin-single-sample-binning
299	3756.fa	74.5	0.63	Gradient Boost (General Model)	11	0.922	5121	286.5988647114475	1966396	0.43	2114	485	19744		SRR24759597	checkm2 on collection 59: Quality report	comebin-single-sample-binning
300	4241.fa	50.45	16.94	Neural Network (Specific Model)	11	0.922	1423	232.9404761904762	1524456	0.62	2016	1040	7799		SRR24759597	checkm2 on collection 59: Quality report	comebin-single-sample-binning
301	486.fa	7.31	1.15	Neural Network (Specific Model)	11	0.745	1563	184.43515850144087	257151	0.44	347	163	4414		SRR24759597	checkm2 on collection 59: Quality report	comebin-single-sample-binning
302	5281.fa	15.59	1.92	Neural Network (Specific Model)	11	0.816	1689	203.9679376083189	862685	0.52	1154	511	6479		SRR24759597	checkm2 on collection 59: Quality report	comebin-single-sample-binning
303	5792.fa	26.51	9.84	Neural Network (Specific Model)	11	0.857	2258	242.96726959517656	985106	0.47	1161	464	7469		SRR24759597	checkm2 on collection 59: Quality report	comebin-single-sample-binning
304	6256.fa	45.55	3.59	Gradient Boost (General Model)	11	0.923	2097	239.9035133717881	1482430	0.44	1907	745	9117		SRR24759597	checkm2 on collection 59: Quality report	comebin-single-sample-binning
305	649.fa	27.17	2.51	Neural Network (Specific Model)	11	0.862	1924	221.0079936051159	960040	0.34	1251	512	7569		SRR24759597	checkm2 on collection 59: Quality report	comebin-single-sample-binning
306	7001.fa	71.0	2.5	Neural Network (Specific Model)	11	0.881	2611	242.46286205907657	2871288	0.51	3487	1231	10181		SRR24759597	checkm2 on collection 59: Quality report	comebin-single-sample-binning
307	8232.fa	52.64	9.85	Neural Network (Specific Model)	11	0.857	1900	224.77906976744185	1418234	0.42	1806	778	8002		SRR24759597	checkm2 on collection 59: Quality report	comebin-single-sample-binning
308	9010.fa	22.65	1.34	Neural Network (Specific Model)	11	0.728	1646	192.218045112782	839837	0.43	1064	496	12373		SRR24759597	checkm2 on collection 59: Quality report	comebin-single-sample-binning
309	9506.fa	9.92	0.43	Neural Network (Specific Model)	11	0.724	2473	191.727602905569	654741	0.29	826	296	11809		SRR24759597	checkm2 on collection 59: Quality report	comebin-single-sample-binning
310	9802.fa	29.6	0.88	Neural Network (Specific Model)	11	0.775	1624	194.66103286384973	800535	0.44	1065	498	5006		SRR24759597	checkm2 on collection 59: Quality report	comebin-single-sample-binning
