Run,Assay Type,AvgSpotLen,Bases,BioProject,BioSample,BioSampleModel,Bytes,Center Name,Collection_Date,Consent,DATASTORE filetype,DATASTORE provider,DATASTORE region,Experiment,geo_loc_name_country,geo_loc_name_country_continent,geo_loc_name,Instrument,isolation_source,lat_lon,Library Name,LibraryLayout,LibrarySelection,LibrarySource,Organism,Platform,ref_biomaterial,rel_to_oxygen,ReleaseDate,create_date,version,samp_collect_device,samp_mat_process,samp_size,Sample Name,source_material_id,SRA Study
SRR1950686,AMPLICON,200,1140615400,PRJNA277905,SAMN03398500,Metagenome or environmental,496584917,GENOME INSTITRUTE OF SINGAPORE,not applicable,public,"fastq,run.zq,sra","gs,s3,ncbi","s3.us-east-1,gs.us-east1,ncbi.public",SRX976935,uncalculated,uncalculated,not applicable,Illumina HiSeq 2000,not applicable,not applicable,WBS004,PAIRED,PCR,METAGENOMIC,human skin metagenome,ILLUMINA,not applicable,not applicable,2016-03-26T00:00:00Z,2015-04-02T09:53:00Z,1,not applicable,not applicable,not applicable,WBS004,WBS004,SRP056821
SRR1950687,WGS,200,2132836800,PRJNA277905,SAMN03398501,Metagenome or environmental,902909637,GENOME INSTITRUTE OF SINGAPORE,not applicable,public,"sra,fastq,run.zq","s3,ncbi,gs","gs.us-east1,s3.us-east-1,ncbi.public",SRX976936,uncalculated,uncalculated,not applicable,Illumina HiSeq 2000,not applicable,not applicable,WBS008,PAIRED,RANDOM,METAGENOMIC,human skin metagenome,ILLUMINA,not applicable,not applicable,2016-03-26T00:00:00Z,2015-04-02T09:54:00Z,1,not applicable,not applicable,not applicable,WBS008,WBS008,SRP056821
SRR1950688,AMPLICON,200,930197800,PRJNA277905,SAMN03398502,Metagenome or environmental,428180066,GENOME INSTITRUTE OF SINGAPORE,not applicable,public,"sra,run.zq,fastq","s3,ncbi,gs","s3.us-east-1,gs.us-east1,ncbi.public",SRX976937,uncalculated,uncalculated,not applicable,Illumina HiSeq 2000,not applicable,not applicable,WBS005,PAIRED,PCR,METAGENOMIC,human skin metagenome,ILLUMINA,not applicable,not applicable,2016-03-26T00:00:00Z,2015-04-02T09:53:00Z,1,not applicable,not applicable,not applicable,WBS005,WBS005,SRP056821
SRR1950689,WGS,200,1837336400,PRJNA277905,SAMN03398503,Metagenome or environmental,773160108,GENOME INSTITRUTE OF SINGAPORE,not applicable,public,"run.zq,fastq,sra","gs,ncbi,s3","ncbi.public,s3.us-east-1,gs.us-east1",SRX976938,uncalculated,uncalculated,not applicable,Illumina HiSeq 2000,not applicable,not applicable,WBS009,PAIRED,RANDOM,METAGENOMIC,human skin metagenome,ILLUMINA,not applicable,not applicable,2016-03-26T00:00:00Z,2015-04-02T09:54:00Z,1,not applicable,not applicable,not applicable,WBS009,WBS009,SRP056821
SRR1950690,AMPLICON,200,1404863800,PRJNA277905,SAMN03398504,Metagenome or environmental,626541363,GENOME INSTITRUTE OF SINGAPORE,not applicable,public,"sra,run.zq,fastq","gs,ncbi,s3","gs.us-east1,ncbi.public,s3.us-east-1",SRX976939,uncalculated,uncalculated,not applicable,Illumina HiSeq 2000,not applicable,not applicable,WBS006,PAIRED,PCR,METAGENOMIC,human skin metagenome,ILLUMINA,not applicable,not applicable,2016-03-26T00:00:00Z,2015-04-02T09:54:00Z,1,not applicable,not applicable,not applicable,WBS006,WBS006,SRP056821
SRR1950691,WGS,200,1217104600,PRJNA277905,SAMN03398505,Metagenome or environmental,518626527,GENOME INSTITRUTE OF SINGAPORE,not applicable,public,"run.zq,sra,fastq","s3,ncbi,gs","s3.us-east-1,ncbi.public,gs.us-east1",SRX976940,uncalculated,uncalculated,not applicable,Illumina HiSeq 2000,not applicable,not applicable,WBS010,PAIRED,RANDOM,METAGENOMIC,human skin metagenome,ILLUMINA,not applicable,not applicable,2016-03-26T00:00:00Z,2015-04-02T09:53:00Z,1,not applicable,not applicable,not applicable,WBS010,WBS010,SRP056821
SRR1950692,AMPLICON,200,1902152000,PRJNA277905,SAMN03398506,Metagenome or environmental,828753040,GENOME INSTITRUTE OF SINGAPORE,not applicable,public,"fastq,run.zq,sra","s3,gs,ncbi","gs.us-east1,s3.us-east-1,ncbi.public",SRX976941,uncalculated,uncalculated,not applicable,Illumina HiSeq 2000,not applicable,not applicable,WBS007,PAIRED,PCR,METAGENOMIC,human skin metagenome,ILLUMINA,not applicable,not applicable,2016-03-26T00:00:00Z,2015-04-02T09:55:00Z,1,not applicable,not applicable,not applicable,WBS007,WBS007,SRP056821
SRR1950693,WGS,200,1407362400,PRJNA277905,SAMN03398507,Metagenome or environmental,604092136,GENOME INSTITRUTE OF SINGAPORE,not applicable,public,"sra,run.zq,fastq","gs,s3,ncbi","ncbi.public,s3.us-east-1,gs.us-east1",SRX976942,uncalculated,uncalculated,not applicable,Illumina HiSeq 2000,not applicable,not applicable,WBS011,PAIRED,RANDOM,METAGENOMIC,human skin metagenome,ILLUMINA,not applicable,not applicable,2016-03-26T00:00:00Z,2015-04-02T09:53:00Z,1,not applicable,not applicable,not applicable,WBS011,WBS011,SRP056821
SRR1950694,AMPLICON,200,1889386200,PRJNA277905,SAMN03398508,Metagenome or environmental,809023913,GENOME INSTITRUTE OF SINGAPORE,not applicable,public,"sra,run.zq,fastq","s3,gs,ncbi","s3.us-east-1,gs.us-east1,ncbi.public",SRX976943,uncalculated,uncalculated,not applicable,Illumina HiSeq 2000,not applicable,not applicable,WBS002,PAIRED,PCR,METAGENOMIC,human skin metagenome,ILLUMINA,not applicable,not applicable,2016-03-26T00:00:00Z,2015-04-02T09:54:00Z,1,not applicable,not applicable,not applicable,WBS002,WBS002,SRP056821
SRR1950695,WGS,200,2617901800,PRJNA277905,SAMN03398509,Metagenome or environmental,1186020904,GENOME INSTITRUTE OF SINGAPORE,not applicable,public,"fastq,run.zq,sra","gs,s3,ncbi","s3.us-east-1,gs.us-east1,ncbi.public",SRX976944,uncalculated,uncalculated,not applicable,Illumina HiSeq 2000,not applicable,not applicable,WOS016,PAIRED,RANDOM,METAGENOMIC,human skin metagenome,ILLUMINA,not applicable,not applicable,2016-03-26T00:00:00Z,2015-04-02T09:55:00Z,1,not applicable,not applicable,not applicable,WOS016,WOS016,SRP056821
SRR1950696,AMPLICON,200,1149782600,PRJNA277905,SAMN03398510,Metagenome or environmental,491185339,GENOME INSTITRUTE OF SINGAPORE,not applicable,public,"sra,run.zq,fastq","ncbi,s3,gs","ncbi.public,gs.us-east1,s3.us-east-1",SRX976945,uncalculated,uncalculated,not applicable,Illumina HiSeq 2000,not applicable,not applicable,WBS003,PAIRED,PCR,METAGENOMIC,human skin metagenome,ILLUMINA,not applicable,not applicable,2016-03-26T00:00:00Z,2015-04-02T09:53:00Z,1,not applicable,not applicable,not applicable,WBS003,WBS003,SRP056821
SRR1950697,WGS,200,1694856600,PRJNA277905,SAMN03398511,Metagenome or environmental,762037102,GENOME INSTITRUTE OF SINGAPORE,not applicable,public,"run.zq,sra,fastq","ncbi,gs,s3","s3.us-east-1,ncbi.public,gs.us-east1",SRX976946,uncalculated,uncalculated,not applicable,Illumina HiSeq 2000,not applicable,not applicable,WOS017,PAIRED,RANDOM,METAGENOMIC,human skin metagenome,ILLUMINA,not applicable,not applicable,2016-03-26T00:00:00Z,2015-04-02T09:54:00Z,1,not applicable,not applicable,not applicable,WOS017,WOS017,SRP056821
SRR1950698,AMPLICON,200,936687800,PRJNA277905,SAMN03398512,Metagenome or environmental,424616635,GENOME INSTITRUTE OF SINGAPORE,not applicable,public,"sra,run.zq,fastq","gs,ncbi,s3","gs.us-east1,ncbi.public,s3.us-east-1",SRX976947,uncalculated,uncalculated,not applicable,Illumina HiSeq 2000,not applicable,not applicable,WOS001,PAIRED,PCR,METAGENOMIC,human skin metagenome,ILLUMINA,not applicable,not applicable,2016-03-26T00:00:00Z,2015-04-02T09:53:00Z,1,not applicable,not applicable,not applicable,WOS001,WOS001,SRP056821
SRR1950699,WGS,200,995473800,PRJNA277905,SAMN03398513,Metagenome or environmental,447464777,GENOME INSTITRUTE OF SINGAPORE,not applicable,public,"fastq,run.zq,sra","gs,s3,ncbi","ncbi.public,gs.us-east1,s3.us-east-1",SRX976948,uncalculated,uncalculated,not applicable,Illumina HiSeq 2000,not applicable,not applicable,WOS010,PAIRED,RANDOM,METAGENOMIC,human skin metagenome,ILLUMINA,not applicable,not applicable,2016-03-26T00:00:00Z,2015-04-02T09:53:00Z,1,not applicable,not applicable,not applicable,WOS010,WOS010,SRP056821
SRR1950700,AMPLICON,200,1366283400,PRJNA277905,SAMN03398514,Metagenome or environmental,620834080,GENOME INSTITRUTE OF SINGAPORE,not applicable,public,"sra,run.zq,fastq","ncbi,gs,s3","ncbi.public,gs.us-east1,s3.us-east-1",SRX976949,uncalculated,uncalculated,not applicable,Illumina HiSeq 2000,not applicable,not applicable,WOS003,PAIRED,PCR,METAGENOMIC,human skin metagenome,ILLUMINA,not applicable,not applicable,2016-03-26T00:00:00Z,2015-04-02T09:52:00Z,1,not applicable,not applicable,not applicable,WOS003,WOS003,SRP056821
SRR1950701,WGS,200,1209436200,PRJNA277905,SAMN03398515,Metagenome or environmental,543056996,GENOME INSTITRUTE OF SINGAPORE,not applicable,public,"run.zq,fastq,sra","gs,s3,ncbi","ncbi.public,s3.us-east-1,gs.us-east1",SRX976950,uncalculated,uncalculated,not applicable,Illumina HiSeq 2000,not applicable,not applicable,WOS012,PAIRED,RANDOM,METAGENOMIC,human skin metagenome,ILLUMINA,not applicable,not applicable,2016-03-26T00:00:00Z,2015-04-02T09:54:00Z,1,not applicable,not applicable,not applicable,WOS012,WOS012,SRP056821
SRR1950702,AMPLICON,200,1053624600,PRJNA277905,SAMN03398516,Metagenome or environmental,475377261,GENOME INSTITRUTE OF SINGAPORE,not applicable,public,"sra,run.zq,fastq","ncbi,s3,gs","ncbi.public,s3.us-east-1,gs.us-east1",SRX976951,uncalculated,uncalculated,not applicable,Illumina HiSeq 2000,not applicable,not applicable,WOS005,PAIRED,PCR,METAGENOMIC,human skin metagenome,ILLUMINA,not applicable,not applicable,2016-03-26T00:00:00Z,2015-04-02T09:54:00Z,1,not applicable,not applicable,not applicable,WOS005,WOS005,SRP056821
SRR1950703,WGS,200,1014562400,PRJNA277905,SAMN03398517,Metagenome or environmental,455151699,GENOME INSTITRUTE OF SINGAPORE,not applicable,public,"fastq,run.zq,sra","ncbi,s3,gs","s3.us-east-1,ncbi.public,gs.us-east1",SRX976952,uncalculated,uncalculated,not applicable,Illumina HiSeq 2000,not applicable,not applicable,WOS014,PAIRED,RANDOM,METAGENOMIC,human skin metagenome,ILLUMINA,not applicable,not applicable,2016-03-26T00:00:00Z,2015-04-02T09:52:00Z,1,not applicable,not applicable,not applicable,WOS014,WOS014,SRP056821
SRR1950704,AMPLICON,200,1409898400,PRJNA277905,SAMN03398518,Metagenome or environmental,644628728,GENOME INSTITRUTE OF SINGAPORE,not applicable,public,"run.zq,fastq,sra","gs,ncbi,s3","ncbi.public,s3.us-east-1,gs.us-east1",SRX976953,uncalculated,uncalculated,not applicable,Illumina HiSeq 2000,not applicable,not applicable,WOS002,PAIRED,PCR,METAGENOMIC,human skin metagenome,ILLUMINA,not applicable,not applicable,2016-03-26T00:00:00Z,2015-04-02T09:53:00Z,1,not applicable,not applicable,not applicable,WOS002,WOS002,SRP056821
SRR1950705,WGS,200,1167374600,PRJNA277905,SAMN03398519,Metagenome or environmental,524907019,GENOME INSTITRUTE OF SINGAPORE,not applicable,public,"sra,fastq,run.zq","s3,ncbi,gs","s3.us-east-1,ncbi.public,gs.us-east1",SRX976954,uncalculated,uncalculated,not applicable,Illumina HiSeq 2000,not applicable,not applicable,WOS011,PAIRED,RANDOM,METAGENOMIC,human skin metagenome,ILLUMINA,not applicable,not applicable,2016-03-26T00:00:00Z,2015-04-02T09:52:00Z,1,not applicable,not applicable,not applicable,WOS011,WOS011,SRP056821
SRR1950706,AMPLICON,200,1364192800,PRJNA277905,SAMN03398520,Metagenome or environmental,617910500,GENOME INSTITRUTE OF SINGAPORE,not applicable,public,"run.zq,fastq,sra","ncbi,gs,s3","gs.us-east1,s3.us-east-1,ncbi.public",SRX976955,uncalculated,uncalculated,not applicable,Illumina HiSeq 2000,not applicable,not applicable,WOS004,PAIRED,PCR,METAGENOMIC,human skin metagenome,ILLUMINA,not applicable,not applicable,2016-03-26T00:00:00Z,2015-04-02T09:52:00Z,1,not applicable,not applicable,not applicable,WOS004,WOS004,SRP056821
SRR1950707,WGS,200,1730236400,PRJNA277905,SAMN03398521,Metagenome or environmental,773327807,GENOME INSTITRUTE OF SINGAPORE,not applicable,public,"run.zq,fastq,sra","ncbi,s3,gs","gs.us-east1,ncbi.public,s3.us-east-1",SRX976956,uncalculated,uncalculated,not applicable,Illumina HiSeq 2000,not applicable,not applicable,WOS013,PAIRED,RANDOM,METAGENOMIC,human skin metagenome,ILLUMINA,not applicable,not applicable,2016-03-26T00:00:00Z,2015-04-02T09:52:00Z,1,not applicable,not applicable,not applicable,WOS013,WOS013,SRP056821
SRR1950708,AMPLICON,200,1161855000,PRJNA277905,SAMN03398522,Metagenome or environmental,528114057,GENOME INSTITRUTE OF SINGAPORE,not applicable,public,"run.zq,fastq,sra","gs,s3,ncbi","gs.us-east1,s3.us-east-1,ncbi.public",SRX976957,uncalculated,uncalculated,not applicable,Illumina HiSeq 2000,not applicable,not applicable,WOS006,PAIRED,PCR,METAGENOMIC,human skin metagenome,ILLUMINA,not applicable,not applicable,2016-03-26T00:00:00Z,2015-04-02T09:52:00Z,1,not applicable,not applicable,not applicable,WOS006,WOS006,SRP056821
SRR1950709,WGS,200,1407170800,PRJNA277905,SAMN03398523,Metagenome or environmental,624700134,GENOME INSTITRUTE OF SINGAPORE,not applicable,public,"run.zq,sra,fastq","gs,s3,ncbi","s3.us-east-1,ncbi.public,gs.us-east1",SRX976958,uncalculated,uncalculated,not applicable,Illumina HiSeq 2000,not applicable,not applicable,WOS015,PAIRED,RANDOM,METAGENOMIC,human skin metagenome,ILLUMINA,not applicable,not applicable,2016-03-26T00:00:00Z,2015-04-02T09:52:00Z,1,not applicable,not applicable,not applicable,WOS015,WOS015,SRP056821
SRR1950710,WGS,200,1421896400,PRJNA277905,SAMN03398524,Metagenome or environmental,628281275,GENOME INSTITRUTE OF SINGAPORE,not applicable,public,"fastq,run.zq,sra","ncbi,s3,gs","gs.us-east1,ncbi.public,s3.us-east-1",SRX976959,uncalculated,uncalculated,not applicable,Illumina HiSeq 2000,not applicable,not applicable,WOS018,PAIRED,RANDOM,METAGENOMIC,human skin metagenome,ILLUMINA,not applicable,not applicable,2016-03-26T00:00:00Z,2015-04-02T09:53:00Z,1,not applicable,not applicable,not applicable,WOS018,WOS018,SRP056821
SRR1950711,WGS,200,1593319200,PRJNA277905,SAMN03398525,Metagenome or environmental,700195364,GENOME INSTITRUTE OF SINGAPORE,not applicable,public,"sra,fastq,run.zq","gs,s3,ncbi","ncbi.public,gs.us-east1,s3.us-east-1",SRX976960,uncalculated,uncalculated,not applicable,Illumina HiSeq 2000,not applicable,not applicable,WOS019,PAIRED,RANDOM,METAGENOMIC,human skin metagenome,ILLUMINA,not applicable,not applicable,2016-03-26T00:00:00Z,2015-04-02T09:55:00Z,1,not applicable,not applicable,not applicable,WOS019,WOS019,SRP056821
SRR1950712,WGS,200,842308600,PRJNA277905,SAMN03398526,Metagenome or environmental,377042168,GENOME INSTITRUTE OF SINGAPORE,not applicable,public,"run.zq,fastq,sra","gs,s3,ncbi","gs.us-east1,s3.us-east-1,ncbi.public",SRX976961,uncalculated,uncalculated,not applicable,Illumina HiSeq 2000,not applicable,not applicable,WOS020,PAIRED,RANDOM,METAGENOMIC,human skin metagenome,ILLUMINA,not applicable,not applicable,2016-03-26T00:00:00Z,2015-04-02T09:52:00Z,1,not applicable,not applicable,not applicable,WOS020,WOS020,SRP056821
SRR1950713,WGS,200,1709290200,PRJNA277905,SAMN03398527,Metagenome or environmental,1155916537,GENOME INSTITRUTE OF SINGAPORE,not applicable,public,"sra,fastq,run.zq","s3,gs,ncbi","gs.us-east1,s3.us-east-1,ncbi.public",SRX976962,uncalculated,uncalculated,not applicable,Illumina HiSeq 2000,not applicable,not applicable,WBE005,PAIRED,RANDOM,METAGENOMIC,human skin metagenome,ILLUMINA,not applicable,not applicable,2016-03-26T00:00:00Z,2015-04-02T09:53:00Z,1,not applicable,not applicable,not applicable,WBE005,WBE005,SRP056821
SRR1950714,WGS,200,2150508600,PRJNA277905,SAMN03398528,Metagenome or environmental,1453057528,GENOME INSTITRUTE OF SINGAPORE,not applicable,public,"sra,fastq,run.zq","s3,gs,ncbi","gs.us-east1,ncbi.public,s3.us-east-1",SRX976963,uncalculated,uncalculated,not applicable,Illumina HiSeq 2000,not applicable,not applicable,WBE006,PAIRED,RANDOM,METAGENOMIC,human skin metagenome,ILLUMINA,not applicable,not applicable,2016-03-26T00:00:00Z,2015-04-02T09:54:00Z,1,not applicable,not applicable,not applicable,WBE006,WBE006,SRP056821
SRR1950715,WGS,200,1784900200,PRJNA277905,SAMN03398529,Metagenome or environmental,1225100943,GENOME INSTITRUTE OF SINGAPORE,not applicable,public,"fastq,sra,run.zq","gs,s3,ncbi","s3.us-east-1,ncbi.public,gs.us-east1",SRX976964,uncalculated,uncalculated,not applicable,Illumina HiSeq 2000,not applicable,not applicable,WBE007,PAIRED,RANDOM,METAGENOMIC,human skin metagenome,ILLUMINA,not applicable,not applicable,2016-03-26T00:00:00Z,2015-04-02T09:53:00Z,1,not applicable,not applicable,not applicable,WBE007,WBE007,SRP056821
SRR1950716,WGS,200,1572752400,PRJNA277905,SAMN03398530,Metagenome or environmental,1085403584,GENOME INSTITRUTE OF SINGAPORE,not applicable,public,"run.zq,sra,fastq","ncbi,s3,gs","s3.us-east-1,gs.us-east1,ncbi.public",SRX976965,uncalculated,uncalculated,not applicable,Illumina HiSeq 2000,not applicable,not applicable,WBE008,PAIRED,RANDOM,METAGENOMIC,human skin metagenome,ILLUMINA,not applicable,not applicable,2016-03-26T00:00:00Z,2015-04-02T09:53:00Z,1,not applicable,not applicable,not applicable,WBE008,WBE008,SRP056821
SRR1950717,WGS,200,1685740800,PRJNA277905,SAMN03398531,Metagenome or environmental,1144215115,GENOME INSTITRUTE OF SINGAPORE,not applicable,public,"sra,run.zq,fastq","s3,gs,ncbi","gs.us-east1,ncbi.public,s3.us-east-1",SRX976966,uncalculated,uncalculated,not applicable,Illumina HiSeq 2000,not applicable,not applicable,WBE017,PAIRED,RANDOM,METAGENOMIC,human skin metagenome,ILLUMINA,not applicable,not applicable,2016-03-26T00:00:00Z,2015-04-02T09:53:00Z,1,not applicable,not applicable,not applicable,WBE017,WBE017,SRP056821
SRR1950718,WGS,200,3924134000,PRJNA277905,SAMN03398532,Metagenome or environmental,2658983884,GENOME INSTITRUTE OF SINGAPORE,not applicable,public,"fastq,sra,run.zq","ncbi,gs,s3","gs.us-east1,s3.us-east-1,ncbi.public",SRX976967,uncalculated,uncalculated,not applicable,Illumina HiSeq 2000,not applicable,not applicable,WBE018,PAIRED,RANDOM,METAGENOMIC,human skin metagenome,ILLUMINA,not applicable,not applicable,2016-03-26T00:00:00Z,2015-04-02T09:56:00Z,1,not applicable,not applicable,not applicable,WBE018,WBE018,SRP056821
SRR1950719,WGS,200,2081350400,PRJNA277905,SAMN03398533,Metagenome or environmental,1434427609,GENOME INSTITRUTE OF SINGAPORE,not applicable,public,"sra,run.zq,fastq","gs,s3,ncbi","ncbi.public,gs.us-east1,s3.us-east-1",SRX976968,uncalculated,uncalculated,not applicable,Illumina HiSeq 2000,not applicable,not applicable,WBE019,PAIRED,RANDOM,METAGENOMIC,human skin metagenome,ILLUMINA,not applicable,not applicable,2016-03-26T00:00:00Z,2015-04-02T09:53:00Z,1,not applicable,not applicable,not applicable,WBE019,WBE019,SRP056821
SRR1950720,WGS,200,1936943000,PRJNA277905,SAMN03398534,Metagenome or environmental,1321002467,GENOME INSTITRUTE OF SINGAPORE,not applicable,public,"sra,run.zq,fastq","ncbi,s3,gs","ncbi.public,s3.us-east-1,gs.us-east1",SRX976969,uncalculated,uncalculated,not applicable,Illumina HiSeq 2000,not applicable,not applicable,WBE020,PAIRED,RANDOM,METAGENOMIC,human skin metagenome,ILLUMINA,not applicable,not applicable,2016-03-26T00:00:00Z,2015-04-02T09:52:00Z,1,not applicable,not applicable,not applicable,WBE020,WBE020,SRP056821
SRR1950721,WGS,200,1365297000,PRJNA277905,SAMN03398535,Metagenome or environmental,579078899,GENOME INSTITRUTE OF SINGAPORE,not applicable,public,"run.zq,sra,fastq","s3,gs,ncbi","s3.us-east-1,ncbi.public,gs.us-east1",SRX976970,uncalculated,uncalculated,not applicable,Illumina HiSeq 2000,not applicable,not applicable,WBS016,PAIRED,RANDOM,METAGENOMIC,human skin metagenome,ILLUMINA,not applicable,not applicable,2016-03-26T00:00:00Z,2015-04-02T09:51:00Z,1,not applicable,not applicable,not applicable,WBS016,WBS016,SRP056821
SRR1950722,WGS,200,1367906000,PRJNA277905,SAMN03398536,Metagenome or environmental,582071038,GENOME INSTITRUTE OF SINGAPORE,not applicable,public,"sra,run.zq,fastq","s3,ncbi,gs","s3.us-east-1,gs.us-east1,ncbi.public",SRX976971,uncalculated,uncalculated,not applicable,Illumina HiSeq 2000,not applicable,not applicable,WBS017,PAIRED,RANDOM,METAGENOMIC,human skin metagenome,ILLUMINA,not applicable,not applicable,2016-03-26T00:00:00Z,2015-04-02T09:54:00Z,1,not applicable,not applicable,not applicable,WBS017,WBS017,SRP056821
SRR1950723,WGS,200,2868848200,PRJNA277905,SAMN03398537,Metagenome or environmental,1219627671,GENOME INSTITRUTE OF SINGAPORE,not applicable,public,"run.zq,sra,fastq","ncbi,gs,s3","ncbi.public,gs.us-east1,s3.us-east-1",SRX976972,uncalculated,uncalculated,not applicable,Illumina HiSeq 2000,not applicable,not applicable,WBS018,PAIRED,RANDOM,METAGENOMIC,human skin metagenome,ILLUMINA,not applicable,not applicable,2016-03-26T00:00:00Z,2015-04-02T09:54:00Z,1,not applicable,not applicable,not applicable,WBS018,WBS018,SRP056821
SRR1950724,WGS,200,2914948000,PRJNA277905,SAMN03398538,Metagenome or environmental,1234550725,GENOME INSTITRUTE OF SINGAPORE,not applicable,public,"fastq,run.zq,sra","ncbi,gs,s3","s3.us-east-1,ncbi.public,gs.us-east1",SRX976973,uncalculated,uncalculated,not applicable,Illumina HiSeq 2000,not applicable,not applicable,WBS019,PAIRED,RANDOM,METAGENOMIC,human skin metagenome,ILLUMINA,not applicable,not applicable,2016-03-26T00:00:00Z,2015-04-02T09:53:00Z,1,not applicable,not applicable,not applicable,WBS019,WBS019,SRP056821
SRR1950725,WGS,200,1904328600,PRJNA277905,SAMN03398539,Metagenome or environmental,805448876,GENOME INSTITRUTE OF SINGAPORE,not applicable,public,"fastq,run.zq,sra","ncbi,s3,gs","gs.us-east1,s3.us-east-1,ncbi.public",SRX976974,uncalculated,uncalculated,not applicable,Illumina HiSeq 2000,not applicable,not applicable,WBU001,PAIRED,RANDOM,METAGENOMIC,human skin metagenome,ILLUMINA,not applicable,not applicable,2016-03-26T00:00:00Z,2015-04-02T09:52:00Z,1,not applicable,not applicable,not applicable,WBU001,WBU001,SRP056821
SRR1950726,WGS,200,1869378400,PRJNA277905,SAMN03398540,Metagenome or environmental,798530074,GENOME INSTITRUTE OF SINGAPORE,not applicable,public,"fastq,run.zq,sra","ncbi,s3,gs","gs.us-east1,s3.us-east-1,ncbi.public",SRX976975,uncalculated,uncalculated,not applicable,Illumina HiSeq 2000,not applicable,not applicable,WBU002,PAIRED,RANDOM,METAGENOMIC,human skin metagenome,ILLUMINA,not applicable,not applicable,2016-03-26T00:00:00Z,2015-04-02T09:52:00Z,1,not applicable,not applicable,not applicable,WBU002,WBU002,SRP056821
SRR1950727,WGS,200,2332322400,PRJNA277905,SAMN03398541,Metagenome or environmental,971574839,GENOME INSTITRUTE OF SINGAPORE,not applicable,public,"fastq,sra,run.zq","gs,ncbi,s3","gs.us-east1,ncbi.public,s3.us-east-1",SRX976976,uncalculated,uncalculated,not applicable,Illumina HiSeq 2000,not applicable,not applicable,WBU003,PAIRED,RANDOM,METAGENOMIC,human skin metagenome,ILLUMINA,not applicable,not applicable,2016-03-26T00:00:00Z,2015-04-02T09:52:00Z,1,not applicable,not applicable,not applicable,WBU003,WBU003,SRP056821
SRR1950728,WGS,200,1369139000,PRJNA277905,SAMN03398542,Metagenome or environmental,575547360,GENOME INSTITRUTE OF SINGAPORE,not applicable,public,"sra,fastq,run.zq","gs,s3,ncbi","gs.us-east1,ncbi.public,s3.us-east-1",SRX976977,uncalculated,uncalculated,not applicable,Illumina HiSeq 2000,not applicable,not applicable,WBU004,PAIRED,RANDOM,METAGENOMIC,human skin metagenome,ILLUMINA,not applicable,not applicable,2016-03-26T00:00:00Z,2015-04-02T09:51:00Z,1,not applicable,not applicable,not applicable,WBU004,WBU004,SRP056821
SRR1950729,WGS,200,1140531400,PRJNA277905,SAMN03398543,Metagenome or environmental,476435789,GENOME INSTITRUTE OF SINGAPORE,not applicable,public,"run.zq,sra,fastq","gs,ncbi,s3","gs.us-east1,s3.us-east-1,ncbi.public",SRX976978,uncalculated,uncalculated,not applicable,Illumina HiSeq 2000,not applicable,not applicable,WBU007,PAIRED,RANDOM,METAGENOMIC,human skin metagenome,ILLUMINA,not applicable,not applicable,2016-03-26T00:00:00Z,2015-04-02T09:51:00Z,1,not applicable,not applicable,not applicable,WBU007,WBU007,SRP056821
SRR1950730,WGS,200,690165200,PRJNA277905,SAMN03398544,Metagenome or environmental,290837297,GENOME INSTITRUTE OF SINGAPORE,not applicable,public,"sra,run.zq,fastq","ncbi,s3,gs","gs.us-east1,ncbi.public,s3.us-east-1",SRX976979,uncalculated,uncalculated,not applicable,Illumina HiSeq 2000,not applicable,not applicable,WBU008,PAIRED,RANDOM,METAGENOMIC,human skin metagenome,ILLUMINA,not applicable,not applicable,2016-03-26T00:00:00Z,2015-04-02T09:50:00Z,1,not applicable,not applicable,not applicable,WBU008,WBU008,SRP056821
SRR1950731,WGS,200,1017848400,PRJNA277905,SAMN03398545,Metagenome or environmental,433010551,GENOME INSTITRUTE OF SINGAPORE,not applicable,public,"sra,fastq,run.zq","ncbi,s3,gs","gs.us-east1,s3.us-east-1,ncbi.public",SRX976980,uncalculated,uncalculated,not applicable,Illumina HiSeq 2000,not applicable,not applicable,WBU009,PAIRED,RANDOM,METAGENOMIC,human skin metagenome,ILLUMINA,not applicable,not applicable,2016-03-26T00:00:00Z,2015-04-02T09:51:00Z,1,not applicable,not applicable,not applicable,WBU009,WBU009,SRP056821
SRR1950732,WGS,200,1490590400,PRJNA277905,SAMN03398546,Metagenome or environmental,639915626,GENOME INSTITRUTE OF SINGAPORE,not applicable,public,"fastq,sra,run.zq","ncbi,gs,s3","gs.us-east1,ncbi.public,s3.us-east-1",SRX976981,uncalculated,uncalculated,not applicable,Illumina HiSeq 2000,not applicable,not applicable,WBU010,PAIRED,RANDOM,METAGENOMIC,human skin metagenome,ILLUMINA,not applicable,not applicable,2016-03-26T00:00:00Z,2015-04-02T09:51:00Z,1,not applicable,not applicable,not applicable,WBU010,WBU010,SRP056821
SRR1950733,WGS,200,951351600,PRJNA277905,SAMN03398547,Metagenome or environmental,399171649,GENOME INSTITRUTE OF SINGAPORE,not applicable,public,"sra,fastq,run.zq","gs,s3,ncbi","gs.us-east1,s3.us-east-1,ncbi.public",SRX976982,uncalculated,uncalculated,not applicable,Illumina HiSeq 2000,not applicable,not applicable,WBU011,PAIRED,RANDOM,METAGENOMIC,human skin metagenome,ILLUMINA,not applicable,not applicable,2016-03-26T00:00:00Z,2015-04-02T09:50:00Z,1,not applicable,not applicable,not applicable,WBU011,WBU011,SRP056821
SRR1950734,WGS,200,1333422000,PRJNA277905,SAMN03398548,Metagenome or environmental,559050625,GENOME INSTITRUTE OF SINGAPORE,not applicable,public,"run.zq,sra,fastq","s3,ncbi,gs","gs.us-east1,s3.us-east-1,ncbi.public",SRX976983,uncalculated,uncalculated,not applicable,Illumina HiSeq 2000,not applicable,not applicable,WBU012,PAIRED,RANDOM,METAGENOMIC,human skin metagenome,ILLUMINA,not applicable,not applicable,2016-03-26T00:00:00Z,2015-04-02T09:50:00Z,1,not applicable,not applicable,not applicable,WBU012,WBU012,SRP056821
SRR1950735,WGS,200,1337677600,PRJNA277905,SAMN03398549,Metagenome or environmental,566862144,GENOME INSTITRUTE OF SINGAPORE,not applicable,public,"sra,run.zq,fastq","gs,ncbi,s3","ncbi.public,gs.us-east1,s3.us-east-1",SRX976984,uncalculated,uncalculated,not applicable,Illumina HiSeq 2000,not applicable,not applicable,WBU013,PAIRED,RANDOM,METAGENOMIC,human skin metagenome,ILLUMINA,not applicable,not applicable,2016-03-26T00:00:00Z,2015-04-02T09:50:00Z,1,not applicable,not applicable,not applicable,WBU013,WBU013,SRP056821
SRR1950736,WGS,200,1303981600,PRJNA277905,SAMN03398550,Metagenome or environmental,548066886,GENOME INSTITRUTE OF SINGAPORE,not applicable,public,"fastq,run.zq,sra","s3,ncbi,gs","ncbi.public,s3.us-east-1,gs.us-east1",SRX976985,uncalculated,uncalculated,not applicable,Illumina HiSeq 2000,not applicable,not applicable,WBU014,PAIRED,RANDOM,METAGENOMIC,human skin metagenome,ILLUMINA,not applicable,not applicable,2016-03-26T00:00:00Z,2015-04-02T09:53:00Z,1,not applicable,not applicable,not applicable,WBU014,WBU014,SRP056821
SRR1950737,WGS,200,940414200,PRJNA277905,SAMN03398551,Metagenome or environmental,403377322,GENOME INSTITRUTE OF SINGAPORE,not applicable,public,"run.zq,sra,fastq","ncbi,s3,gs","s3.us-east-1,gs.us-east1,ncbi.public",SRX976986,uncalculated,uncalculated,not applicable,Illumina HiSeq 2000,not applicable,not applicable,WBU015,PAIRED,RANDOM,METAGENOMIC,human skin metagenome,ILLUMINA,not applicable,not applicable,2016-03-26T00:00:00Z,2015-04-02T09:52:00Z,1,not applicable,not applicable,not applicable,WBU015,WBU015,SRP056821
SRR1950738,WGS,200,977228400,PRJNA277905,SAMN03398552,Metagenome or environmental,417484579,GENOME INSTITRUTE OF SINGAPORE,not applicable,public,"fastq,sra,run.zq","gs,ncbi,s3","ncbi.public,s3.us-east-1,gs.us-east1",SRX976987,uncalculated,uncalculated,not applicable,Illumina HiSeq 2000,not applicable,not applicable,WBU016,PAIRED,RANDOM,METAGENOMIC,human skin metagenome,ILLUMINA,not applicable,not applicable,2016-03-26T00:00:00Z,2015-04-02T09:50:00Z,1,not applicable,not applicable,not applicable,WBU016,WBU016,SRP056821
SRR1950739,WGS,200,991560600,PRJNA277905,SAMN03398553,Metagenome or environmental,419599871,GENOME INSTITRUTE OF SINGAPORE,not applicable,public,"run.zq,sra,fastq","s3,ncbi,gs","ncbi.public,gs.us-east1,s3.us-east-1",SRX976988,uncalculated,uncalculated,not applicable,Illumina HiSeq 2000,not applicable,not applicable,WBU017,PAIRED,RANDOM,METAGENOMIC,human skin metagenome,ILLUMINA,not applicable,not applicable,2016-03-26T00:00:00Z,2015-04-02T09:49:00Z,1,not applicable,not applicable,not applicable,WBU017,WBU017,SRP056821
SRR1950740,WGS,200,831028800,PRJNA277905,SAMN03398554,Metagenome or environmental,353224748,GENOME INSTITRUTE OF SINGAPORE,not applicable,public,"run.zq,sra,fastq","s3,ncbi,gs","s3.us-east-1,ncbi.public,gs.us-east1",SRX976989,uncalculated,uncalculated,not applicable,Illumina HiSeq 2000,not applicable,not applicable,WBU018,PAIRED,RANDOM,METAGENOMIC,human skin metagenome,ILLUMINA,not applicable,not applicable,2016-03-26T00:00:00Z,2015-04-02T09:49:00Z,1,not applicable,not applicable,not applicable,WBU018,WBU018,SRP056821
SRR1950741,WGS,200,3241762800,PRJNA277905,SAMN03398555,Metagenome or environmental,1352943261,GENOME INSTITRUTE OF SINGAPORE,not applicable,public,"fastq,sra,run.zq","ncbi,s3,gs","ncbi.public,s3.us-east-1,gs.us-east1",SRX976990,uncalculated,uncalculated,not applicable,Illumina HiSeq 2000,not applicable,not applicable,WBU019,PAIRED,RANDOM,METAGENOMIC,human skin metagenome,ILLUMINA,not applicable,not applicable,2016-03-26T00:00:00Z,2015-04-02T09:53:00Z,1,not applicable,not applicable,not applicable,WBU019,WBU019,SRP056821
SRR1950742,WGS,200,3908412000,PRJNA277905,SAMN03398556,Metagenome or environmental,1628491068,GENOME INSTITRUTE OF SINGAPORE,not applicable,public,"sra,run.zq,fastq","s3,ncbi,gs","gs.us-east1,ncbi.public,s3.us-east-1",SRX976991,uncalculated,uncalculated,not applicable,Illumina HiSeq 2000,not applicable,not applicable,WBU020,PAIRED,RANDOM,METAGENOMIC,human skin metagenome,ILLUMINA,not applicable,not applicable,2016-03-26T00:00:00Z,2015-04-02T09:53:00Z,1,not applicable,not applicable,not applicable,WBU020,WBU020,SRP056821
SRR1950743,WGS,200,1689704800,PRJNA277905,SAMN03398557,Metagenome or environmental,1151217887,GENOME INSTITRUTE OF SINGAPORE,not applicable,public,"sra,fastq,run.zq","ncbi,s3,gs","s3.us-east-1,ncbi.public,gs.us-east1",SRX976992,uncalculated,uncalculated,not applicable,Illumina HiSeq 2000,not applicable,not applicable,WBE003,PAIRED,RANDOM,METAGENOMIC,human skin metagenome,ILLUMINA,not applicable,not applicable,2016-03-26T00:00:00Z,2015-04-02T09:52:00Z,1,not applicable,not applicable,not applicable,WBE003,WBE003,SRP056821
SRR1950744,WGS,200,2052405200,PRJNA277905,SAMN03398558,Metagenome or environmental,1395939520,GENOME INSTITRUTE OF SINGAPORE,not applicable,public,"sra,fastq,run.zq","s3,gs,ncbi","s3.us-east-1,gs.us-east1,ncbi.public",SRX976993,uncalculated,uncalculated,not applicable,Illumina HiSeq 2000,not applicable,not applicable,WBE004,PAIRED,RANDOM,METAGENOMIC,human skin metagenome,ILLUMINA,not applicable,not applicable,2016-03-26T00:00:00Z,2015-04-02T09:52:00Z,1,not applicable,not applicable,not applicable,WBE004,WBE004,SRP056821
SRR1950745,WGS,200,1952685800,PRJNA277905,SAMN03398559,Metagenome or environmental,1311862917,GENOME INSTITRUTE OF SINGAPORE,not applicable,public,"sra,fastq,run.zq","gs,ncbi,s3","s3.us-east-1,ncbi.public,gs.us-east1",SRX976994,uncalculated,uncalculated,not applicable,Illumina HiSeq 2000,not applicable,not applicable,WBE009,PAIRED,RANDOM,METAGENOMIC,human skin metagenome,ILLUMINA,not applicable,not applicable,2016-03-26T00:00:00Z,2015-04-02T09:51:00Z,1,not applicable,not applicable,not applicable,WBE009,WBE009,SRP056821
SRR1950746,WGS,200,1752955400,PRJNA277905,SAMN03398560,Metagenome or environmental,1183216541,GENOME INSTITRUTE OF SINGAPORE,not applicable,public,"fastq,run.zq,sra","ncbi,s3,gs","s3.us-east-1,ncbi.public,gs.us-east1",SRX976995,uncalculated,uncalculated,not applicable,Illumina HiSeq 2000,not applicable,not applicable,WBE010,PAIRED,RANDOM,METAGENOMIC,human skin metagenome,ILLUMINA,not applicable,not applicable,2016-03-26T00:00:00Z,2015-04-02T09:52:00Z,1,not applicable,not applicable,not applicable,WBE010,WBE010,SRP056821
SRR1950747,WGS,200,2212275000,PRJNA277905,SAMN03398561,Metagenome or environmental,1486863115,GENOME INSTITRUTE OF SINGAPORE,not applicable,public,"fastq,run.zq,sra","s3,ncbi,gs","ncbi.public,gs.us-east1,s3.us-east-1",SRX976996,uncalculated,uncalculated,not applicable,Illumina HiSeq 2000,not applicable,not applicable,WBE011,PAIRED,RANDOM,METAGENOMIC,human skin metagenome,ILLUMINA,not applicable,not applicable,2016-03-26T00:00:00Z,2015-04-02T09:53:00Z,1,not applicable,not applicable,not applicable,WBE011,WBE011,SRP056821
SRR1950748,WGS,200,2285020800,PRJNA277905,SAMN03398562,Metagenome or environmental,1536868766,GENOME INSTITRUTE OF SINGAPORE,not applicable,public,"sra,run.zq,fastq","gs,ncbi,s3","ncbi.public,gs.us-east1,s3.us-east-1",SRX976997,uncalculated,uncalculated,not applicable,Illumina HiSeq 2000,not applicable,not applicable,WBE012,PAIRED,RANDOM,METAGENOMIC,human skin metagenome,ILLUMINA,not applicable,not applicable,2016-03-26T00:00:00Z,2015-04-02T09:52:00Z,1,not applicable,not applicable,not applicable,WBE012,WBE012,SRP056821
SRR1950749,WGS,200,1855830400,PRJNA277905,SAMN03398563,Metagenome or environmental,1256637507,GENOME INSTITRUTE OF SINGAPORE,not applicable,public,"fastq,sra,run.zq","s3,gs,ncbi","gs.us-east1,s3.us-east-1,ncbi.public",SRX976998,uncalculated,uncalculated,not applicable,Illumina HiSeq 2000,not applicable,not applicable,WBE013,PAIRED,RANDOM,METAGENOMIC,human skin metagenome,ILLUMINA,not applicable,not applicable,2016-03-26T00:00:00Z,2015-04-02T09:51:00Z,1,not applicable,not applicable,not applicable,WBE013,WBE013,SRP056821
SRR1950750,WGS,200,4934462200,PRJNA277905,SAMN03398564,Metagenome or environmental,3341442996,GENOME INSTITRUTE OF SINGAPORE,not applicable,public,"sra,run.zq,fastq","ncbi,s3,gs","s3.us-east-1,gs.us-east1,ncbi.public",SRX976999,uncalculated,uncalculated,not applicable,Illumina HiSeq 2000,not applicable,not applicable,WBE014,PAIRED,RANDOM,METAGENOMIC,human skin metagenome,ILLUMINA,not applicable,not applicable,2016-03-26T00:00:00Z,2015-04-02T09:55:00Z,1,not applicable,not applicable,not applicable,WBE014,WBE014,SRP056821
SRR1950751,WGS,200,1594940200,PRJNA277905,SAMN03398565,Metagenome or environmental,1080230705,GENOME INSTITRUTE OF SINGAPORE,not applicable,public,"run.zq,fastq,sra","s3,gs,ncbi","s3.us-east-1,gs.us-east1,ncbi.public",SRX977000,uncalculated,uncalculated,not applicable,Illumina HiSeq 2000,not applicable,not applicable,WBE015,PAIRED,RANDOM,METAGENOMIC,human skin metagenome,ILLUMINA,not applicable,not applicable,2016-03-26T00:00:00Z,2015-04-02T09:50:00Z,1,not applicable,not applicable,not applicable,WBE015,WBE015,SRP056821
SRR1950752,WGS,200,1768068400,PRJNA277905,SAMN03398566,Metagenome or environmental,1196324125,GENOME INSTITRUTE OF SINGAPORE,not applicable,public,"run.zq,fastq,sra","ncbi,s3,gs","ncbi.public,gs.us-east1,s3.us-east-1",SRX977001,uncalculated,uncalculated,not applicable,Illumina HiSeq 2000,not applicable,not applicable,WBE016,PAIRED,RANDOM,METAGENOMIC,human skin metagenome,ILLUMINA,not applicable,not applicable,2016-03-26T00:00:00Z,2015-04-02T09:54:00Z,1,not applicable,not applicable,not applicable,WBE016,WBE016,SRP056821
SRR1950753,WGS,200,1373320600,PRJNA277905,SAMN03398567,Metagenome or environmental,920918897,GENOME INSTITRUTE OF SINGAPORE,not applicable,public,"fastq,run.zq,sra","ncbi,s3,gs","gs.us-east1,ncbi.public,s3.us-east-1",SRX977002,uncalculated,uncalculated,not applicable,Illumina HiSeq 2000,not applicable,not applicable,WBE021,PAIRED,RANDOM,METAGENOMIC,human skin metagenome,ILLUMINA,not applicable,not applicable,2016-03-26T00:00:00Z,2015-04-02T09:53:00Z,1,not applicable,not applicable,not applicable,WBE021,WBE021,SRP056821
SRR1950754,WGS,200,1608647800,PRJNA277905,SAMN03398568,Metagenome or environmental,1079537146,GENOME INSTITRUTE OF SINGAPORE,not applicable,public,"sra,run.zq,fastq","ncbi,s3,gs","gs.us-east1,ncbi.public,s3.us-east-1",SRX977003,uncalculated,uncalculated,not applicable,Illumina HiSeq 2000,not applicable,not applicable,WBE022,PAIRED,RANDOM,METAGENOMIC,human skin metagenome,ILLUMINA,not applicable,not applicable,2016-03-26T00:00:00Z,2015-04-02T09:51:00Z,1,not applicable,not applicable,not applicable,WBE022,WBE022,SRP056821
SRR1950755,WGS,200,1568501200,PRJNA277905,SAMN03398569,Metagenome or environmental,673770587,GENOME INSTITRUTE OF SINGAPORE,not applicable,public,"sra,run.zq,fastq","ncbi,gs,s3","s3.us-east-1,ncbi.public,gs.us-east1",SRX977004,uncalculated,uncalculated,not applicable,Illumina HiSeq 2000,not applicable,not applicable,WBE023,PAIRED,RANDOM,METAGENOMIC,human skin metagenome,ILLUMINA,not applicable,not applicable,2016-03-26T00:00:00Z,2015-04-02T09:52:00Z,1,not applicable,not applicable,not applicable,WBE023,WBE023,SRP056821
SRR1950756,WGS,200,1106220800,PRJNA277905,SAMN03398570,Metagenome or environmental,472525148,GENOME INSTITRUTE OF SINGAPORE,not applicable,public,"sra,run.zq,fastq","gs,s3,ncbi","s3.us-east-1,gs.us-east1,ncbi.public",SRX977005,uncalculated,uncalculated,not applicable,Illumina HiSeq 2000,not applicable,not applicable,WBE024,PAIRED,RANDOM,METAGENOMIC,human skin metagenome,ILLUMINA,not applicable,not applicable,2016-03-26T00:00:00Z,2015-04-02T09:49:00Z,1,not applicable,not applicable,not applicable,WBE024,WBE024,SRP056821
SRR1950757,WGS,200,1547698600,PRJNA277905,SAMN03398571,Metagenome or environmental,657282917,GENOME INSTITRUTE OF SINGAPORE,not applicable,public,"run.zq,sra,fastq","gs,ncbi,s3","ncbi.public,s3.us-east-1,gs.us-east1",SRX977006,uncalculated,uncalculated,not applicable,Illumina HiSeq 2000,not applicable,not applicable,WBE026,PAIRED,RANDOM,METAGENOMIC,human skin metagenome,ILLUMINA,not applicable,not applicable,2016-03-26T00:00:00Z,2015-04-02T09:50:00Z,1,not applicable,not applicable,not applicable,WBE026,WBE026,SRP056821
SRR1950758,WGS,200,1480034200,PRJNA277905,SAMN03398572,Metagenome or environmental,625930838,GENOME INSTITRUTE OF SINGAPORE,not applicable,public,"fastq,run.zq,sra","s3,ncbi,gs","gs.us-east1,s3.us-east-1,ncbi.public",SRX977007,uncalculated,uncalculated,not applicable,Illumina HiSeq 2000,not applicable,not applicable,WBE027,PAIRED,RANDOM,METAGENOMIC,human skin metagenome,ILLUMINA,not applicable,not applicable,2016-03-26T00:00:00Z,2015-04-02T09:52:00Z,1,not applicable,not applicable,not applicable,WBE027,WBE027,SRP056821
SRR1950759,WGS,200,1260879200,PRJNA277905,SAMN03398573,Metagenome or environmental,550106720,GENOME INSTITRUTE OF SINGAPORE,not applicable,public,"fastq,run.zq,sra","gs,ncbi,s3","gs.us-east1,s3.us-east-1,ncbi.public",SRX977008,uncalculated,uncalculated,not applicable,Illumina HiSeq 2000,not applicable,not applicable,WBE028,PAIRED,RANDOM,METAGENOMIC,human skin metagenome,ILLUMINA,not applicable,not applicable,2016-03-26T00:00:00Z,2015-04-02T09:50:00Z,1,not applicable,not applicable,not applicable,WBE028,WBE028,SRP056821
SRR1950760,WGS,200,206332600,PRJNA277905,SAMN03398574,Metagenome or environmental,90032576,GENOME INSTITRUTE OF SINGAPORE,not applicable,public,"sra,run.zq,fastq","s3,gs,ncbi","s3.us-east-1,gs.us-east1,ncbi.public",SRX977009,uncalculated,uncalculated,not applicable,Illumina HiSeq 2000,not applicable,not applicable,WBE029,PAIRED,RANDOM,METAGENOMIC,human skin metagenome,ILLUMINA,not applicable,not applicable,2016-03-26T00:00:00Z,2015-04-02T09:48:00Z,1,not applicable,not applicable,not applicable,WBE029,WBE029,SRP056821
SRR1950761,WGS,200,1630955200,PRJNA277905,SAMN03398575,Metagenome or environmental,687354333,GENOME INSTITRUTE OF SINGAPORE,not applicable,public,"fastq,run.zq,sra","ncbi,gs,s3","s3.us-east-1,ncbi.public,gs.us-east1",SRX977010,uncalculated,uncalculated,not applicable,Illumina HiSeq 2000,not applicable,not applicable,WBE030,PAIRED,RANDOM,METAGENOMIC,human skin metagenome,ILLUMINA,not applicable,not applicable,2016-03-26T00:00:00Z,2015-04-02T09:49:00Z,1,not applicable,not applicable,not applicable,WBE030,WBE030,SRP056821
SRR1950762,WGS,200,1106487400,PRJNA277905,SAMN03398576,Metagenome or environmental,472222471,GENOME INSTITRUTE OF SINGAPORE,not applicable,public,"fastq,run.zq,sra","s3,gs,ncbi","ncbi.public,s3.us-east-1,gs.us-east1",SRX977011,uncalculated,uncalculated,not applicable,Illumina HiSeq 2000,not applicable,not applicable,WBE031,PAIRED,RANDOM,METAGENOMIC,human skin metagenome,ILLUMINA,not applicable,not applicable,2016-03-26T00:00:00Z,2015-04-02T09:49:00Z,1,not applicable,not applicable,not applicable,WBE031,WBE031,SRP056821
SRR1950763,WGS,200,1604267200,PRJNA277905,SAMN03398577,Metagenome or environmental,686390722,GENOME INSTITRUTE OF SINGAPORE,not applicable,public,"sra,run.zq,fastq","gs,ncbi,s3","ncbi.public,gs.us-east1,s3.us-east-1",SRX977012,uncalculated,uncalculated,not applicable,Illumina HiSeq 2000,not applicable,not applicable,WBE032,PAIRED,RANDOM,METAGENOMIC,human skin metagenome,ILLUMINA,not applicable,not applicable,2016-03-26T00:00:00Z,2015-04-02T09:49:00Z,1,not applicable,not applicable,not applicable,WBE032,WBE032,SRP056821
SRR1950764,WGS,200,1772984200,PRJNA277905,SAMN03398578,Metagenome or environmental,752387668,GENOME INSTITRUTE OF SINGAPORE,not applicable,public,"fastq,sra,run.zq","gs,s3,ncbi","s3.us-east-1,gs.us-east1,ncbi.public",SRX977013,uncalculated,uncalculated,not applicable,Illumina HiSeq 2000,not applicable,not applicable,WBE033,PAIRED,RANDOM,METAGENOMIC,human skin metagenome,ILLUMINA,not applicable,not applicable,2016-03-26T00:00:00Z,2015-04-02T09:51:00Z,1,not applicable,not applicable,not applicable,WBE033,WBE033,SRP056821
SRR1950765,WGS,200,1342580400,PRJNA277905,SAMN03398579,Metagenome or environmental,571166045,GENOME INSTITRUTE OF SINGAPORE,not applicable,public,"sra,fastq,run.zq","ncbi,gs,s3","ncbi.public,s3.us-east-1,gs.us-east1",SRX977014,uncalculated,uncalculated,not applicable,Illumina HiSeq 2000,not applicable,not applicable,WBE034,PAIRED,RANDOM,METAGENOMIC,human skin metagenome,ILLUMINA,not applicable,not applicable,2016-03-26T00:00:00Z,2015-04-02T09:50:00Z,1,not applicable,not applicable,not applicable,WBE034,WBE034,SRP056821
SRR1950766,WGS,200,1449742600,PRJNA277905,SAMN03398580,Metagenome or environmental,616610875,GENOME INSTITRUTE OF SINGAPORE,not applicable,public,"run.zq,sra,fastq","ncbi,s3,gs","gs.us-east1,ncbi.public,s3.us-east-1",SRX977015,uncalculated,uncalculated,not applicable,Illumina HiSeq 2000,not applicable,not applicable,WBE035,PAIRED,RANDOM,METAGENOMIC,human skin metagenome,ILLUMINA,not applicable,not applicable,2016-03-26T00:00:00Z,2015-04-02T09:50:00Z,1,not applicable,not applicable,not applicable,WBE035,WBE035,SRP056821
SRR1950767,WGS,200,1180268400,PRJNA277905,SAMN03398581,Metagenome or environmental,509758550,GENOME INSTITRUTE OF SINGAPORE,not applicable,public,"fastq,sra,run.zq","ncbi,s3,gs","s3.us-east-1,ncbi.public,gs.us-east1",SRX977016,uncalculated,uncalculated,not applicable,Illumina HiSeq 2000,not applicable,not applicable,WBE036,PAIRED,RANDOM,METAGENOMIC,human skin metagenome,ILLUMINA,not applicable,not applicable,2016-03-26T00:00:00Z,2015-04-02T09:49:00Z,1,not applicable,not applicable,not applicable,WBE036,WBE036,SRP056821
SRR1950768,WGS,200,1243547200,PRJNA277905,SAMN03398582,Metagenome or environmental,535736323,GENOME INSTITRUTE OF SINGAPORE,not applicable,public,"fastq,sra,run.zq","s3,ncbi,gs","ncbi.public,s3.us-east-1,gs.us-east1",SRX977017,uncalculated,uncalculated,not applicable,Illumina HiSeq 2000,not applicable,not applicable,WBE037,PAIRED,RANDOM,METAGENOMIC,human skin metagenome,ILLUMINA,not applicable,not applicable,2016-03-26T00:00:00Z,2015-04-02T09:49:00Z,1,not applicable,not applicable,not applicable,WBE037,WBE037,SRP056821
SRR1950769,WGS,200,1337752400,PRJNA277905,SAMN03398583,Metagenome or environmental,570891796,GENOME INSTITRUTE OF SINGAPORE,not applicable,public,"run.zq,sra,fastq","ncbi,s3,gs","gs.us-east1,s3.us-east-1,ncbi.public",SRX977018,uncalculated,uncalculated,not applicable,Illumina HiSeq 2000,not applicable,not applicable,WBE038,PAIRED,RANDOM,METAGENOMIC,human skin metagenome,ILLUMINA,not applicable,not applicable,2016-03-26T00:00:00Z,2015-04-02T09:49:00Z,1,not applicable,not applicable,not applicable,WBE038,WBE038,SRP056821
SRR1950770,WGS,200,1452576600,PRJNA277905,SAMN03398584,Metagenome or environmental,616536948,GENOME INSTITRUTE OF SINGAPORE,not applicable,public,"fastq,sra,run.zq","s3,gs,ncbi","gs.us-east1,s3.us-east-1,ncbi.public",SRX977019,uncalculated,uncalculated,not applicable,Illumina HiSeq 2000,not applicable,not applicable,WBE039,PAIRED,RANDOM,METAGENOMIC,human skin metagenome,ILLUMINA,not applicable,not applicable,2016-03-26T00:00:00Z,2015-04-02T09:50:00Z,1,not applicable,not applicable,not applicable,WBE039,WBE039,SRP056821
SRR1950771,WGS,200,761064600,PRJNA277905,SAMN03398585,Metagenome or environmental,327353539,GENOME INSTITRUTE OF SINGAPORE,not applicable,public,"fastq,run.zq,sra","ncbi,s3,gs","s3.us-east-1,gs.us-east1,ncbi.public",SRX977020,uncalculated,uncalculated,not applicable,Illumina HiSeq 2000,not applicable,not applicable,WBE040,PAIRED,RANDOM,METAGENOMIC,human skin metagenome,ILLUMINA,not applicable,not applicable,2016-03-26T00:00:00Z,2015-04-02T09:48:00Z,1,not applicable,not applicable,not applicable,WBE040,WBE040,SRP056821
SRR1950772,WGS,200,1463321400,PRJNA277905,SAMN03398586,Metagenome or environmental,633976988,GENOME INSTITRUTE OF SINGAPORE,not applicable,public,"sra,fastq,run.zq","ncbi,gs,s3","s3.us-east-1,gs.us-east1,ncbi.public",SRX977021,uncalculated,uncalculated,not applicable,Illumina HiSeq 2000,not applicable,not applicable,WBE041,PAIRED,RANDOM,METAGENOMIC,human skin metagenome,ILLUMINA,not applicable,not applicable,2016-03-26T00:00:00Z,2015-04-02T09:49:00Z,1,not applicable,not applicable,not applicable,WBE041,WBE041,SRP056821
SRR1950773,WGS,200,1091912200,PRJNA277905,SAMN03398587,Metagenome or environmental,460710287,GENOME INSTITRUTE OF SINGAPORE,not applicable,public,"sra,fastq,run.zq","gs,s3,ncbi","ncbi.public,gs.us-east1,s3.us-east-1",SRX977022,uncalculated,uncalculated,not applicable,Illumina HiSeq 2000,not applicable,not applicable,WBE044,PAIRED,RANDOM,METAGENOMIC,human skin metagenome,ILLUMINA,not applicable,not applicable,2016-03-26T00:00:00Z,2015-04-02T09:48:00Z,1,not applicable,not applicable,not applicable,WBE044,WBE044,SRP056821
SRR1950774,WGS,200,1044654000,PRJNA277905,SAMN03398588,Metagenome or environmental,439153419,GENOME INSTITRUTE OF SINGAPORE,not applicable,public,"run.zq,fastq,sra","gs,s3,ncbi","ncbi.public,s3.us-east-1,gs.us-east1",SRX977023,uncalculated,uncalculated,not applicable,Illumina HiSeq 2000,not applicable,not applicable,WBE045,PAIRED,RANDOM,METAGENOMIC,human skin metagenome,ILLUMINA,not applicable,not applicable,2016-03-26T00:00:00Z,2015-04-02T09:48:00Z,1,not applicable,not applicable,not applicable,WBE045,WBE045,SRP056821
SRR1950775,WGS,200,1166125800,PRJNA277905,SAMN03398589,Metagenome or environmental,491072059,GENOME INSTITRUTE OF SINGAPORE,not applicable,public,"sra,run.zq,fastq","ncbi,s3,gs","ncbi.public,gs.us-east1,s3.us-east-1",SRX977024,uncalculated,uncalculated,not applicable,Illumina HiSeq 2000,not applicable,not applicable,WBE046,PAIRED,RANDOM,METAGENOMIC,human skin metagenome,ILLUMINA,not applicable,not applicable,2016-03-26T00:00:00Z,2015-04-02T09:48:00Z,1,not applicable,not applicable,not applicable,WBE046,WBE046,SRP056821
SRR1950776,WGS,200,1528614000,PRJNA277905,SAMN03398590,Metagenome or environmental,646240478,GENOME INSTITRUTE OF SINGAPORE,not applicable,public,"fastq,sra,run.zq","s3,ncbi,gs","ncbi.public,gs.us-east1,s3.us-east-1",SRX977025,uncalculated,uncalculated,not applicable,Illumina HiSeq 2000,not applicable,not applicable,WBE047,PAIRED,RANDOM,METAGENOMIC,human skin metagenome,ILLUMINA,not applicable,not applicable,2016-03-26T00:00:00Z,2015-04-02T09:48:00Z,1,not applicable,not applicable,not applicable,WBE047,WBE047,SRP056821
SRR1950777,WGS,200,1162122600,PRJNA277905,SAMN03398591,Metagenome or environmental,498618566,GENOME INSTITRUTE OF SINGAPORE,not applicable,public,"fastq,run.zq,sra","ncbi,s3,gs","ncbi.public,gs.us-east1,s3.us-east-1",SRX977026,uncalculated,uncalculated,not applicable,Illumina HiSeq 2000,not applicable,not applicable,WBE048,PAIRED,RANDOM,METAGENOMIC,human skin metagenome,ILLUMINA,not applicable,not applicable,2016-03-26T00:00:00Z,2015-04-02T09:48:00Z,1,not applicable,not applicable,not applicable,WBE048,WBE048,SRP056821
SRR1950778,WGS,200,1298238800,PRJNA277905,SAMN03398592,Metagenome or environmental,555355696,GENOME INSTITRUTE OF SINGAPORE,not applicable,public,"fastq,run.zq,sra","ncbi,gs,s3","gs.us-east1,ncbi.public,s3.us-east-1",SRX977027,uncalculated,uncalculated,not applicable,Illumina HiSeq 2000,not applicable,not applicable,WBE049,PAIRED,RANDOM,METAGENOMIC,human skin metagenome,ILLUMINA,not applicable,not applicable,2016-03-26T00:00:00Z,2015-04-02T09:48:00Z,1,not applicable,not applicable,not applicable,WBE049,WBE049,SRP056821
SRR1950779,WGS,200,1923745600,PRJNA277905,SAMN03398593,Metagenome or environmental,819871201,GENOME INSTITRUTE OF SINGAPORE,not applicable,public,"run.zq,sra,fastq","gs,s3,ncbi","s3.us-east-1,ncbi.public,gs.us-east1",SRX977028,uncalculated,uncalculated,not applicable,Illumina HiSeq 2000,not applicable,not applicable,WBU005,PAIRED,RANDOM,METAGENOMIC,human skin metagenome,ILLUMINA,not applicable,not applicable,2016-03-26T00:00:00Z,2015-04-02T09:49:00Z,1,not applicable,not applicable,not applicable,WBU005,WBU005,SRP056821
SRR1950780,WGS,200,2131343400,PRJNA277905,SAMN03398594,Metagenome or environmental,904644746,GENOME INSTITRUTE OF SINGAPORE,not applicable,public,"run.zq,sra,fastq","s3,ncbi,gs","gs.us-east1,ncbi.public,s3.us-east-1",SRX977029,uncalculated,uncalculated,not applicable,Illumina HiSeq 2000,not applicable,not applicable,WBU006,PAIRED,RANDOM,METAGENOMIC,human skin metagenome,ILLUMINA,not applicable,not applicable,2016-03-26T00:00:00Z,2015-04-02T09:49:00Z,1,not applicable,not applicable,not applicable,WBU006,WBU006,SRP056821
SRR1950781,WGS,200,1204510200,PRJNA277905,SAMN03398595,Metagenome or environmental,509774244,GENOME INSTITRUTE OF SINGAPORE,not applicable,public,"sra,run.zq,fastq","ncbi,s3,gs","gs.us-east1,ncbi.public,s3.us-east-1",SRX977030,uncalculated,uncalculated,not applicable,Illumina HiSeq 2000,not applicable,not applicable,WBE025,PAIRED,RANDOM,METAGENOMIC,human skin metagenome,ILLUMINA,not applicable,not applicable,2016-03-26T00:00:00Z,2015-04-02T09:48:00Z,1,not applicable,not applicable,not applicable,WBE025,WBE025,SRP056821
SRR1950782,WGS,200,816530600,PRJNA277905,SAMN03398596,Metagenome or environmental,348547362,GENOME INSTITRUTE OF SINGAPORE,not applicable,public,"sra,fastq,run.zq","s3,ncbi,gs","s3.us-east-1,gs.us-east1,ncbi.public",SRX977031,uncalculated,uncalculated,not applicable,Illumina HiSeq 2000,not applicable,not applicable,WBS012,PAIRED,RANDOM,METAGENOMIC,human skin metagenome,ILLUMINA,not applicable,not applicable,2016-03-26T00:00:00Z,2015-04-02T09:48:00Z,1,not applicable,not applicable,not applicable,WBS012,WBS012,SRP056821
SRR1950783,WGS,200,1152573400,PRJNA277905,SAMN03398597,Metagenome or environmental,486734790,GENOME INSTITRUTE OF SINGAPORE,not applicable,public,"fastq,sra,run.zq","gs,s3,ncbi","ncbi.public,s3.us-east-1,gs.us-east1",SRX977032,uncalculated,uncalculated,not applicable,Illumina HiSeq 2000,not applicable,not applicable,WBS013,PAIRED,RANDOM,METAGENOMIC,human skin metagenome,ILLUMINA,not applicable,not applicable,2016-03-26T00:00:00Z,2015-04-02T09:48:00Z,1,not applicable,not applicable,not applicable,WBS013,WBS013,SRP056821
SRR1950784,WGS,200,803681600,PRJNA277905,SAMN03398598,Metagenome or environmental,342245712,GENOME INSTITRUTE OF SINGAPORE,not applicable,public,"sra,fastq,run.zq","ncbi,gs,s3","gs.us-east1,ncbi.public,s3.us-east-1",SRX977033,uncalculated,uncalculated,not applicable,Illumina HiSeq 2000,not applicable,not applicable,WBS014,PAIRED,RANDOM,METAGENOMIC,human skin metagenome,ILLUMINA,not applicable,not applicable,2016-03-26T00:00:00Z,2015-04-02T09:47:00Z,1,not applicable,not applicable,not applicable,WBS014,WBS014,SRP056821
SRR1950785,WGS,200,1015217000,PRJNA277905,SAMN03398599,Metagenome or environmental,429514867,GENOME INSTITRUTE OF SINGAPORE,not applicable,public,"run.zq,sra,fastq","s3,gs,ncbi","s3.us-east-1,gs.us-east1,ncbi.public",SRX977034,uncalculated,uncalculated,not applicable,Illumina HiSeq 2000,not applicable,not applicable,WBS015,PAIRED,RANDOM,METAGENOMIC,human skin metagenome,ILLUMINA,not applicable,not applicable,2016-03-26T00:00:00Z,2015-04-02T09:48:00Z,1,not applicable,not applicable,not applicable,WBS015,WBS015,SRP056821
SRR1950786,WGS,200,1149727400,PRJNA277905,SAMN03398600,Metagenome or environmental,487564463,GENOME INSTITRUTE OF SINGAPORE,not applicable,public,"sra,run.zq,fastq","gs,s3,ncbi","gs.us-east1,s3.us-east-1,ncbi.public",SRX977035,uncalculated,uncalculated,not applicable,Illumina HiSeq 2000,not applicable,not applicable,WBS020,PAIRED,RANDOM,METAGENOMIC,human skin metagenome,ILLUMINA,not applicable,not applicable,2016-03-26T00:00:00Z,2015-04-02T09:48:00Z,1,not applicable,not applicable,not applicable,WBS020,WBS020,SRP056821
SRR1950787,WGS,200,1111346600,PRJNA277905,SAMN03398601,Metagenome or environmental,473986762,GENOME INSTITRUTE OF SINGAPORE,not applicable,public,"fastq,run.zq,sra","ncbi,s3,gs","ncbi.public,s3.us-east-1,gs.us-east1",SRX977036,uncalculated,uncalculated,not applicable,Illumina HiSeq 2000,not applicable,not applicable,WBS021,PAIRED,RANDOM,METAGENOMIC,human skin metagenome,ILLUMINA,not applicable,not applicable,2016-03-26T00:00:00Z,2015-04-02T09:48:00Z,1,not applicable,not applicable,not applicable,WBS021,WBS021,SRP056821
SRR1950788,WGS,200,855484000,PRJNA277905,SAMN03398602,Metagenome or environmental,362585851,GENOME INSTITRUTE OF SINGAPORE,not applicable,public,"fastq,run.zq,sra","gs,s3,ncbi","ncbi.public,gs.us-east1,s3.us-east-1",SRX977037,uncalculated,uncalculated,not applicable,Illumina HiSeq 2000,not applicable,not applicable,WBS022,PAIRED,RANDOM,METAGENOMIC,human skin metagenome,ILLUMINA,not applicable,not applicable,2016-03-26T00:00:00Z,2015-04-02T09:47:00Z,1,not applicable,not applicable,not applicable,WBS022,WBS022,SRP056821
SRR1950789,WGS,200,882825200,PRJNA277905,SAMN03398603,Metagenome or environmental,375373851,GENOME INSTITRUTE OF SINGAPORE,not applicable,public,"run.zq,fastq,sra","gs,s3,ncbi","s3.us-east-1,gs.us-east1,ncbi.public",SRX977038,uncalculated,uncalculated,not applicable,Illumina HiSeq 2000,not applicable,not applicable,WBS023,PAIRED,RANDOM,METAGENOMIC,human skin metagenome,ILLUMINA,not applicable,not applicable,2016-03-26T00:00:00Z,2015-04-02T09:47:00Z,1,not applicable,not applicable,not applicable,WBS023,WBS023,SRP056821
SRR1950790,WGS,200,986381000,PRJNA277905,SAMN03398604,Metagenome or environmental,421028313,GENOME INSTITRUTE OF SINGAPORE,not applicable,public,"run.zq,fastq,sra","ncbi,s3,gs","gs.us-east1,ncbi.public,s3.us-east-1",SRX977039,uncalculated,uncalculated,not applicable,Illumina HiSeq 2000,not applicable,not applicable,WBE042,PAIRED,RANDOM,METAGENOMIC,human skin metagenome,ILLUMINA,not applicable,not applicable,2016-03-26T00:00:00Z,2015-04-02T09:47:00Z,1,not applicable,not applicable,not applicable,WBE042,WBE042,SRP056821
SRR1950791,WGS,200,1233515600,PRJNA277905,SAMN03398605,Metagenome or environmental,522385189,GENOME INSTITRUTE OF SINGAPORE,not applicable,public,"run.zq,sra,fastq","ncbi,s3,gs","ncbi.public,s3.us-east-1,gs.us-east1",SRX977040,uncalculated,uncalculated,not applicable,Illumina HiSeq 2000,not applicable,not applicable,WBE043,PAIRED,RANDOM,METAGENOMIC,human skin metagenome,ILLUMINA,not applicable,not applicable,2016-03-26T00:00:00Z,2015-04-02T09:48:00Z,1,not applicable,not applicable,not applicable,WBE043,WBE043,SRP056821
