primary_accession	lineage	assembler	assembler_version	wall_clock_seconds	peak_mem_in_gbs	n50	l50	num_contigs	assembly_length	largest_contig	analysis_accession	sample_accession	study_accession	analysis_title	tax_id	scientific_name	generated_ftp	submitted_ftp	Run	Assay Type	AvgSpotLen	Bases	BioProject	BioSample	BioSampleModel	Bytes	Center Name	Collection_Date	Consent	DATASTORE filetype	DATASTORE provider	DATASTORE region	Experiment	geo_loc_name_country	geo_loc_name_country_continent	geo_loc_name	Instrument	isolation_source	lat_lon	Library Name	LibraryLayout	LibrarySelection	LibrarySource	Organism	Platform	ref_biomaterial	rel_to_oxygen	ReleaseDate	create_date	version	samp_collect_device	samp_mat_process	samp_size	Sample Name	source_material_id	SRA Study
ERZ500974	root:Host-associated:Human:Skin	metaspades	3.11.1	317332	157	31376	75789	107164	88595258	514124	ERZ500974	SAMN03398564	PRJEB25958	human skin metagenome 1	539655	human skin metagenome	ftp.sra.ebi.ac.uk/vol1/sequence/ERZ500/ERZ500974/contig.fa.gz	ftp.sra.ebi.ac.uk/vol1/analysis/ERZ500/ERZ500974/SRR1950750.fasta.gz	SRR1950750	WGS	200	4934462200	PRJNA277905	SAMN03398564	Metagenome or environmental	3341442996	GENOME INSTITRUTE OF SINGAPORE	not applicable	public	sra,run.zq,fastq	ncbi,s3,gs	s3.us-east-1,gs.us-east1,ncbi.public	SRX976999	uncalculated	uncalculated	not applicable	Illumina HiSeq 2000	not applicable	not applicable	WBE014	PAIRED	RANDOM	METAGENOMIC	human skin metagenome	ILLUMINA	not applicable	not applicable	2016-03-26T00:00:00Z	2015-04-02T09:55:00Z	1	not applicable	not applicable	not applicable	WBE014	WBE014	SRP056821
ERZ500975	root:Host-associated:Human:Skin	metaspades	3.11.1	54218	24	1333	10632	11964	17948291	514145	ERZ500975	SAMN03398552	PRJEB25958	human skin metagenome 2	539655	human skin metagenome	ftp.sra.ebi.ac.uk/vol1/sequence/ERZ500/ERZ500975/contig.fa.gz	ftp.sra.ebi.ac.uk/vol1/analysis/ERZ500/ERZ500975/SRR1950738.fasta.gz	SRR1950738	WGS	200	977228400	PRJNA277905	SAMN03398552	Metagenome or environmental	417484579	GENOME INSTITRUTE OF SINGAPORE	not applicable	public	fastq,sra,run.zq	gs,ncbi,s3	ncbi.public,s3.us-east-1,gs.us-east1	SRX976987	uncalculated	uncalculated	not applicable	Illumina HiSeq 2000	not applicable	not applicable	WBU016	PAIRED	RANDOM	METAGENOMIC	human skin metagenome	ILLUMINA	not applicable	not applicable	2016-03-26T00:00:00Z	2015-04-02T09:50:00Z	1	not applicable	not applicable	not applicable	WBU016	WBU016	SRP056821
ERZ500976	root:Host-associated:Human:Skin	metaspades	3.11.1	62030	50	5930	19663	25592	27196668	92479	ERZ500976	SAMN03398558	PRJEB25958	human skin metagenome 3	539655	human skin metagenome	ftp.sra.ebi.ac.uk/vol1/sequence/ERZ500/ERZ500976/contig.fa.gz	ftp.sra.ebi.ac.uk/vol1/analysis/ERZ500/ERZ500976/SRR1950744.fasta.gz	SRR1950744	WGS	200	2052405200	PRJNA277905	SAMN03398558	Metagenome or environmental	1395939520	GENOME INSTITRUTE OF SINGAPORE	not applicable	public	sra,fastq,run.zq	s3,gs,ncbi	s3.us-east-1,gs.us-east1,ncbi.public	SRX976993	uncalculated	uncalculated	not applicable	Illumina HiSeq 2000	not applicable	not applicable	WBE004	PAIRED	RANDOM	METAGENOMIC	human skin metagenome	ILLUMINA	not applicable	not applicable	2016-03-26T00:00:00Z	2015-04-02T09:52:00Z	1	not applicable	not applicable	not applicable	WBE004	WBE004	SRP056821
ERZ500977	root:Host-associated:Human:Skin	metaspades	3.11.1	69293	40	672	8356	9027	18490795	246903	ERZ500977	SAMN03398581	PRJEB25958	human skin metagenome 4	539655	human skin metagenome	ftp.sra.ebi.ac.uk/vol1/sequence/ERZ500/ERZ500977/contig.fa.gz	ftp.sra.ebi.ac.uk/vol1/analysis/ERZ500/ERZ500977/SRR1950767.fasta.gz	SRR1950767	WGS	200	1180268400	PRJNA277905	SAMN03398581	Metagenome or environmental	509758550	GENOME INSTITRUTE OF SINGAPORE	not applicable	public	fastq,sra,run.zq	ncbi,s3,gs	s3.us-east-1,ncbi.public,gs.us-east1	SRX977016	uncalculated	uncalculated	not applicable	Illumina HiSeq 2000	not applicable	not applicable	WBE036	PAIRED	RANDOM	METAGENOMIC	human skin metagenome	ILLUMINA	not applicable	not applicable	2016-03-26T00:00:00Z	2015-04-02T09:49:00Z	1	not applicable	not applicable	not applicable	WBE036	WBE036	SRP056821
ERZ500978	root:Host-associated:Human:Skin	metaspades	3.11.1	30951	30	166	11811	11976	31119256	389378	ERZ500978	SAMN03398513	PRJEB25958	human skin metagenome 5	539655	human skin metagenome	ftp.sra.ebi.ac.uk/vol1/sequence/ERZ500/ERZ500978/contig.fa.gz	ftp.sra.ebi.ac.uk/vol1/analysis/ERZ500/ERZ500978/SRR1950699.fasta.gz	SRR1950699	WGS	200	995473800	PRJNA277905	SAMN03398513	Metagenome or environmental	447464777	GENOME INSTITRUTE OF SINGAPORE	not applicable	public	fastq,run.zq,sra	gs,s3,ncbi	ncbi.public,gs.us-east1,s3.us-east-1	SRX976948	uncalculated	uncalculated	not applicable	Illumina HiSeq 2000	not applicable	not applicable	WOS010	PAIRED	RANDOM	METAGENOMIC	human skin metagenome	ILLUMINA	not applicable	not applicable	2016-03-26T00:00:00Z	2015-04-02T09:53:00Z	1	not applicable	not applicable	not applicable	WOS010	WOS010	SRP056821
ERZ500979	root:Host-associated:Human:Skin	metaspades	3.11.1	57495	54	276	10546	10821	23482762	694653	ERZ500979	SAMN03398550	PRJEB25958	human skin metagenome 6	539655	human skin metagenome	ftp.sra.ebi.ac.uk/vol1/sequence/ERZ500/ERZ500979/contig.fa.gz	ftp.sra.ebi.ac.uk/vol1/analysis/ERZ500/ERZ500979/SRR1950736.fasta.gz	SRR1950736	WGS	200	1303981600	PRJNA277905	SAMN03398550	Metagenome or environmental	548066886	GENOME INSTITRUTE OF SINGAPORE	not applicable	public	fastq,run.zq,sra	s3,ncbi,gs	ncbi.public,s3.us-east-1,gs.us-east1	SRX976985	uncalculated	uncalculated	not applicable	Illumina HiSeq 2000	not applicable	not applicable	WBU014	PAIRED	RANDOM	METAGENOMIC	human skin metagenome	ILLUMINA	not applicable	not applicable	2016-03-26T00:00:00Z	2015-04-02T09:53:00Z	1	not applicable	not applicable	not applicable	WBU014	WBU014	SRP056821
ERZ500980	root:Host-associated:Human:Skin	metaspades	3.11.1	41551	47	745	7855	8599	15232731	612954	ERZ500980	SAMN03398570	PRJEB25958	human skin metagenome 7	539655	human skin metagenome	ftp.sra.ebi.ac.uk/vol1/sequence/ERZ500/ERZ500980/contig.fa.gz	ftp.sra.ebi.ac.uk/vol1/analysis/ERZ500/ERZ500980/SRR1950756.fasta.gz	SRR1950756	WGS	200	1106220800	PRJNA277905	SAMN03398570	Metagenome or environmental	472525148	GENOME INSTITRUTE OF SINGAPORE	not applicable	public	sra,run.zq,fastq	gs,s3,ncbi	s3.us-east-1,gs.us-east1,ncbi.public	SRX977005	uncalculated	uncalculated	not applicable	Illumina HiSeq 2000	not applicable	not applicable	WBE024	PAIRED	RANDOM	METAGENOMIC	human skin metagenome	ILLUMINA	not applicable	not applicable	2016-03-26T00:00:00Z	2015-04-02T09:49:00Z	1	not applicable	not applicable	not applicable	WBE024	WBE024	SRP056821
ERZ500981	root:Host-associated:Human:Skin	metaspades	3.11.1	48384	58	1051	8426	9476	10990009	113058	ERZ500981	SAMN03398535	PRJEB25958	human skin metagenome 8	539655	human skin metagenome	ftp.sra.ebi.ac.uk/vol1/sequence/ERZ500/ERZ500981/contig.fa.gz	ftp.sra.ebi.ac.uk/vol1/analysis/ERZ500/ERZ500981/SRR1950721.fasta.gz	SRR1950721	WGS	200	1365297000	PRJNA277905	SAMN03398535	Metagenome or environmental	579078899	GENOME INSTITRUTE OF SINGAPORE	not applicable	public	run.zq,sra,fastq	s3,gs,ncbi	s3.us-east-1,ncbi.public,gs.us-east1	SRX976970	uncalculated	uncalculated	not applicable	Illumina HiSeq 2000	not applicable	not applicable	WBS016	PAIRED	RANDOM	METAGENOMIC	human skin metagenome	ILLUMINA	not applicable	not applicable	2016-03-26T00:00:00Z	2015-04-02T09:51:00Z	1	not applicable	not applicable	not applicable	WBS016	WBS016	SRP056821
ERZ500982	root:Host-associated:Human:Skin	metaspades	3.11.1	61199	50	3679	11326	15004	14096939	985480	ERZ500982	SAMN03398547	PRJEB25958	human skin metagenome 9	539655	human skin metagenome	ftp.sra.ebi.ac.uk/vol1/sequence/ERZ500/ERZ500982/contig.fa.gz	ftp.sra.ebi.ac.uk/vol1/analysis/ERZ500/ERZ500982/SRR1950733.fasta.gz	SRR1950733	WGS	200	951351600	PRJNA277905	SAMN03398547	Metagenome or environmental	399171649	GENOME INSTITRUTE OF SINGAPORE	not applicable	public	sra,fastq,run.zq	gs,s3,ncbi	gs.us-east1,s3.us-east-1,ncbi.public	SRX976982	uncalculated	uncalculated	not applicable	Illumina HiSeq 2000	not applicable	not applicable	WBU011	PAIRED	RANDOM	METAGENOMIC	human skin metagenome	ILLUMINA	not applicable	not applicable	2016-03-26T00:00:00Z	2015-04-02T09:50:00Z	1	not applicable	not applicable	not applicable	WBU011	WBU011	SRP056821
ERZ500983	root:Host-associated:Human:Skin	metaspades	3.11.1	91420	67	3125	15028	18152	19056283	241646	ERZ500983	SAMN03398542	PRJEB25958	human skin metagenome 10	539655	human skin metagenome	ftp.sra.ebi.ac.uk/vol1/sequence/ERZ500/ERZ500983/contig.fa.gz	ftp.sra.ebi.ac.uk/vol1/analysis/ERZ500/ERZ500983/SRR1950728.fasta.gz	SRR1950728	WGS	200	1369139000	PRJNA277905	SAMN03398542	Metagenome or environmental	575547360	GENOME INSTITRUTE OF SINGAPORE	not applicable	public	sra,fastq,run.zq	gs,s3,ncbi	gs.us-east1,ncbi.public,s3.us-east-1	SRX976977	uncalculated	uncalculated	not applicable	Illumina HiSeq 2000	not applicable	not applicable	WBU004	PAIRED	RANDOM	METAGENOMIC	human skin metagenome	ILLUMINA	not applicable	not applicable	2016-03-26T00:00:00Z	2015-04-02T09:51:00Z	1	not applicable	not applicable	not applicable	WBU004	WBU004	SRP056821
ERZ500984	root:Host-associated:Human:Skin	metaspades	3.11.1	60009	55	511	7308	7818	10385454	349226	ERZ500984	SAMN03398592	PRJEB25958	human skin metagenome 11	539655	human skin metagenome	ftp.sra.ebi.ac.uk/vol1/sequence/ERZ500/ERZ500984/contig.fa.gz	ftp.sra.ebi.ac.uk/vol1/analysis/ERZ500/ERZ500984/SRR1950778.fasta.gz	SRR1950778	WGS	200	1298238800	PRJNA277905	SAMN03398592	Metagenome or environmental	555355696	GENOME INSTITRUTE OF SINGAPORE	not applicable	public	fastq,run.zq,sra	ncbi,gs,s3	gs.us-east1,ncbi.public,s3.us-east-1	SRX977027	uncalculated	uncalculated	not applicable	Illumina HiSeq 2000	not applicable	not applicable	WBE049	PAIRED	RANDOM	METAGENOMIC	human skin metagenome	ILLUMINA	not applicable	not applicable	2016-03-26T00:00:00Z	2015-04-02T09:48:00Z	1	not applicable	not applicable	not applicable	WBE049	WBE049	SRP056821
ERZ500985	root:Host-associated:Human:Skin	metaspades	3.11.1	47021	54	6213	15919	22131	19478202	452039	ERZ500985	SAMN03398605	PRJEB25958	human skin metagenome 12	539655	human skin metagenome	ftp.sra.ebi.ac.uk/vol1/sequence/ERZ500/ERZ500985/contig.fa.gz	ftp.sra.ebi.ac.uk/vol1/analysis/ERZ500/ERZ500985/SRR1950791.fasta.gz	SRR1950791	WGS	200	1233515600	PRJNA277905	SAMN03398605	Metagenome or environmental	522385189	GENOME INSTITRUTE OF SINGAPORE	not applicable	public	run.zq,sra,fastq	ncbi,s3,gs	ncbi.public,s3.us-east-1,gs.us-east1	SRX977040	uncalculated	uncalculated	not applicable	Illumina HiSeq 2000	not applicable	not applicable	WBE043	PAIRED	RANDOM	METAGENOMIC	human skin metagenome	ILLUMINA	not applicable	not applicable	2016-03-26T00:00:00Z	2015-04-02T09:48:00Z	1	not applicable	not applicable	not applicable	WBE043	WBE043	SRP056821
ERZ500986	root:Host-associated:Human:Skin	metaspades	3.11.1	52956	42	33	2259	2291	5785634	898257	ERZ500986	SAMN03398584	PRJEB25958	human skin metagenome 13	539655	human skin metagenome	ftp.sra.ebi.ac.uk/vol1/sequence/ERZ500/ERZ500986/contig.fa.gz	ftp.sra.ebi.ac.uk/vol1/analysis/ERZ500/ERZ500986/SRR1950770.fasta.gz	SRR1950770	WGS	200	1452576600	PRJNA277905	SAMN03398584	Metagenome or environmental	616536948	GENOME INSTITRUTE OF SINGAPORE	not applicable	public	fastq,sra,run.zq	s3,gs,ncbi	gs.us-east1,s3.us-east-1,ncbi.public	SRX977019	uncalculated	uncalculated	not applicable	Illumina HiSeq 2000	not applicable	not applicable	WBE039	PAIRED	RANDOM	METAGENOMIC	human skin metagenome	ILLUMINA	not applicable	not applicable	2016-03-26T00:00:00Z	2015-04-02T09:50:00Z	1	not applicable	not applicable	not applicable	WBE039	WBE039	SRP056821
ERZ500987	root:Host-associated:Human:Skin	metaspades	3.11.1	38764	43	2036	11712	13747	17904047	44952	ERZ500987	SAMN03398603	PRJEB25958	human skin metagenome 14	539655	human skin metagenome	ftp.sra.ebi.ac.uk/vol1/sequence/ERZ500/ERZ500987/contig.fa.gz	ftp.sra.ebi.ac.uk/vol1/analysis/ERZ500/ERZ500987/SRR1950789.fasta.gz	SRR1950789	WGS	200	882825200	PRJNA277905	SAMN03398603	Metagenome or environmental	375373851	GENOME INSTITRUTE OF SINGAPORE	not applicable	public	run.zq,fastq,sra	gs,s3,ncbi	s3.us-east-1,gs.us-east1,ncbi.public	SRX977038	uncalculated	uncalculated	not applicable	Illumina HiSeq 2000	not applicable	not applicable	WBS023	PAIRED	RANDOM	METAGENOMIC	human skin metagenome	ILLUMINA	not applicable	not applicable	2016-03-26T00:00:00Z	2015-04-02T09:47:00Z	1	not applicable	not applicable	not applicable	WBS023	WBS023	SRP056821
ERZ500988	root:Host-associated:Human:Skin	metaspades	3.11.1	84051	40	221	6874	7094	16025910	150638	ERZ500988	SAMN03398507	PRJEB25958	human skin metagenome 15	539655	human skin metagenome	ftp.sra.ebi.ac.uk/vol1/sequence/ERZ500/ERZ500988/contig.fa.gz	ftp.sra.ebi.ac.uk/vol1/analysis/ERZ500/ERZ500988/SRR1950693.fasta.gz	SRR1950693	WGS	200	1407362400	PRJNA277905	SAMN03398507	Metagenome or environmental	604092136	GENOME INSTITRUTE OF SINGAPORE	not applicable	public	sra,run.zq,fastq	gs,s3,ncbi	ncbi.public,s3.us-east-1,gs.us-east1	SRX976942	uncalculated	uncalculated	not applicable	Illumina HiSeq 2000	not applicable	not applicable	WBS011	PAIRED	RANDOM	METAGENOMIC	human skin metagenome	ILLUMINA	not applicable	not applicable	2016-03-26T00:00:00Z	2015-04-02T09:53:00Z	1	not applicable	not applicable	not applicable	WBS011	WBS011	SRP056821
ERZ500989	root:Host-associated:Human:Skin	metaspades	3.11.1	105436	81	2612	12663	15274	16869242	479338	ERZ500989	SAMN03398560	PRJEB25958	human skin metagenome 16	539655	human skin metagenome	ftp.sra.ebi.ac.uk/vol1/sequence/ERZ500/ERZ500989/contig.fa.gz	ftp.sra.ebi.ac.uk/vol1/analysis/ERZ500/ERZ500989/SRR1950746.fasta.gz	SRR1950746	WGS	200	1752955400	PRJNA277905	SAMN03398560	Metagenome or environmental	1183216541	GENOME INSTITRUTE OF SINGAPORE	not applicable	public	fastq,run.zq,sra	ncbi,s3,gs	s3.us-east-1,ncbi.public,gs.us-east1	SRX976995	uncalculated	uncalculated	not applicable	Illumina HiSeq 2000	not applicable	not applicable	WBE010	PAIRED	RANDOM	METAGENOMIC	human skin metagenome	ILLUMINA	not applicable	not applicable	2016-03-26T00:00:00Z	2015-04-02T09:52:00Z	1	not applicable	not applicable	not applicable	WBE010	WBE010	SRP056821
ERZ500990	root:Host-associated:Human:Skin	metaspades	3.11.1	38529	34	864	13153	14016	33784970	576658	ERZ500990	SAMN03398517	PRJEB25958	human skin metagenome 17	539655	human skin metagenome	ftp.sra.ebi.ac.uk/vol1/sequence/ERZ500/ERZ500990/contig.fa.gz	ftp.sra.ebi.ac.uk/vol1/analysis/ERZ500/ERZ500990/SRR1950703.fasta.gz	SRR1950703	WGS	200	1014562400	PRJNA277905	SAMN03398517	Metagenome or environmental	455151699	GENOME INSTITRUTE OF SINGAPORE	not applicable	public	fastq,run.zq,sra	ncbi,s3,gs	s3.us-east-1,ncbi.public,gs.us-east1	SRX976952	uncalculated	uncalculated	not applicable	Illumina HiSeq 2000	not applicable	not applicable	WOS014	PAIRED	RANDOM	METAGENOMIC	human skin metagenome	ILLUMINA	not applicable	not applicable	2016-03-26T00:00:00Z	2015-04-02T09:52:00Z	1	not applicable	not applicable	not applicable	WOS014	WOS014	SRP056821
ERZ500991	root:Host-associated:Human:Skin	metaspades	3.11.1	188447	89	1809	25796	27604	39581050	972340	ERZ500991	SAMN03398537	PRJEB25958	human skin metagenome 18	539655	human skin metagenome	ftp.sra.ebi.ac.uk/vol1/sequence/ERZ500/ERZ500991/contig.fa.gz	ftp.sra.ebi.ac.uk/vol1/analysis/ERZ500/ERZ500991/SRR1950723.fasta.gz	SRR1950723	WGS	200	2868848200	PRJNA277905	SAMN03398537	Metagenome or environmental	1219627671	GENOME INSTITRUTE OF SINGAPORE	not applicable	public	run.zq,sra,fastq	ncbi,gs,s3	ncbi.public,gs.us-east1,s3.us-east-1	SRX976972	uncalculated	uncalculated	not applicable	Illumina HiSeq 2000	not applicable	not applicable	WBS018	PAIRED	RANDOM	METAGENOMIC	human skin metagenome	ILLUMINA	not applicable	not applicable	2016-03-26T00:00:00Z	2015-04-02T09:54:00Z	1	not applicable	not applicable	not applicable	WBS018	WBS018	SRP056821
ERZ500992	root:Host-associated:Human:Skin	metaspades	3.11.1	84209	59	730	5662	6391	7328485	410411	ERZ500992	SAMN03398597	PRJEB25958	human skin metagenome 19	539655	human skin metagenome	ftp.sra.ebi.ac.uk/vol1/sequence/ERZ500/ERZ500992/contig.fa.gz	ftp.sra.ebi.ac.uk/vol1/analysis/ERZ500/ERZ500992/SRR1950783.fasta.gz	SRR1950783	WGS	200	1152573400	PRJNA277905	SAMN03398597	Metagenome or environmental	486734790	GENOME INSTITRUTE OF SINGAPORE	not applicable	public	fastq,sra,run.zq	gs,s3,ncbi	ncbi.public,s3.us-east-1,gs.us-east1	SRX977032	uncalculated	uncalculated	not applicable	Illumina HiSeq 2000	not applicable	not applicable	WBS013	PAIRED	RANDOM	METAGENOMIC	human skin metagenome	ILLUMINA	not applicable	not applicable	2016-03-26T00:00:00Z	2015-04-02T09:48:00Z	1	not applicable	not applicable	not applicable	WBS013	WBS013	SRP056821
ERZ500993	root:Host-associated:Human:Skin	metaspades	3.11.1	69273	38	1168	6590	7757	8543713	166559	ERZ500993	SAMN03398526	PRJEB25958	human skin metagenome 20	539655	human skin metagenome	ftp.sra.ebi.ac.uk/vol1/sequence/ERZ500/ERZ500993/contig.fa.gz	ftp.sra.ebi.ac.uk/vol1/analysis/ERZ500/ERZ500993/SRR1950712.fasta.gz	SRR1950712	WGS	200	842308600	PRJNA277905	SAMN03398526	Metagenome or environmental	377042168	GENOME INSTITRUTE OF SINGAPORE	not applicable	public	run.zq,fastq,sra	gs,s3,ncbi	gs.us-east1,s3.us-east-1,ncbi.public	SRX976961	uncalculated	uncalculated	not applicable	Illumina HiSeq 2000	not applicable	not applicable	WOS020	PAIRED	RANDOM	METAGENOMIC	human skin metagenome	ILLUMINA	not applicable	not applicable	2016-03-26T00:00:00Z	2015-04-02T09:52:00Z	1	not applicable	not applicable	not applicable	WOS020	WOS020	SRP056821
ERZ500994	root:Host-associated:Human:Skin	metaspades	3.11.1	106344	55	3848	33725	37572	55189717	303398	ERZ500994	SAMN03398533	PRJEB25958	human skin metagenome 21	539655	human skin metagenome	ftp.sra.ebi.ac.uk/vol1/sequence/ERZ500/ERZ500994/contig.fa.gz	ftp.sra.ebi.ac.uk/vol1/analysis/ERZ500/ERZ500994/SRR1950719.fasta.gz	SRR1950719	WGS	200	2081350400	PRJNA277905	SAMN03398533	Metagenome or environmental	1434427609	GENOME INSTITRUTE OF SINGAPORE	not applicable	public	sra,run.zq,fastq	gs,s3,ncbi	ncbi.public,gs.us-east1,s3.us-east-1	SRX976968	uncalculated	uncalculated	not applicable	Illumina HiSeq 2000	not applicable	not applicable	WBE019	PAIRED	RANDOM	METAGENOMIC	human skin metagenome	ILLUMINA	not applicable	not applicable	2016-03-26T00:00:00Z	2015-04-02T09:53:00Z	1	not applicable	not applicable	not applicable	WBE019	WBE019	SRP056821
ERZ500995	root:Host-associated:Human:Skin	metaspades	3.11.1	102073	77	3692	29728	33419	46004601	509757	ERZ500995	SAMN03398540	PRJEB25958	human skin metagenome 22	539655	human skin metagenome	ftp.sra.ebi.ac.uk/vol1/sequence/ERZ500/ERZ500995/contig.fa.gz	ftp.sra.ebi.ac.uk/vol1/analysis/ERZ500/ERZ500995/SRR1950726.fasta.gz	SRR1950726	WGS	200	1869378400	PRJNA277905	SAMN03398540	Metagenome or environmental	798530074	GENOME INSTITRUTE OF SINGAPORE	not applicable	public	fastq,run.zq,sra	ncbi,s3,gs	gs.us-east1,s3.us-east-1,ncbi.public	SRX976975	uncalculated	uncalculated	not applicable	Illumina HiSeq 2000	not applicable	not applicable	WBU002	PAIRED	RANDOM	METAGENOMIC	human skin metagenome	ILLUMINA	not applicable	not applicable	2016-03-26T00:00:00Z	2015-04-02T09:52:00Z	1	not applicable	not applicable	not applicable	WBU002	WBU002	SRP056821
ERZ500996	root:Host-associated:Human:Skin	metaspades	3.11.1	107054	103	12222	20406	32627	22646658	16614	ERZ500996	SAMN03398541	PRJEB25958	human skin metagenome 23	539655	human skin metagenome	ftp.sra.ebi.ac.uk/vol1/sequence/ERZ500/ERZ500996/contig.fa.gz	ftp.sra.ebi.ac.uk/vol1/analysis/ERZ500/ERZ500996/SRR1950727.fasta.gz	SRR1950727	WGS	200	2332322400	PRJNA277905	SAMN03398541	Metagenome or environmental	971574839	GENOME INSTITRUTE OF SINGAPORE	not applicable	public	fastq,sra,run.zq	gs,ncbi,s3	gs.us-east1,ncbi.public,s3.us-east-1	SRX976976	uncalculated	uncalculated	not applicable	Illumina HiSeq 2000	not applicable	not applicable	WBU003	PAIRED	RANDOM	METAGENOMIC	human skin metagenome	ILLUMINA	not applicable	not applicable	2016-03-26T00:00:00Z	2015-04-02T09:52:00Z	1	not applicable	not applicable	not applicable	WBU003	WBU003	SRP056821
ERZ500997	root:Host-associated:Human:Skin	metaspades	3.11.1	65673	36	3856	25981	29836	64469860	423159	ERZ500997	SAMN03398524	PRJEB25958	human skin metagenome 24	539655	human skin metagenome	ftp.sra.ebi.ac.uk/vol1/sequence/ERZ500/ERZ500997/contig.fa.gz	ftp.sra.ebi.ac.uk/vol1/analysis/ERZ500/ERZ500997/SRR1950710.fasta.gz	SRR1950710	WGS	200	1421896400	PRJNA277905	SAMN03398524	Metagenome or environmental	628281275	GENOME INSTITRUTE OF SINGAPORE	not applicable	public	fastq,run.zq,sra	ncbi,s3,gs	gs.us-east1,ncbi.public,s3.us-east-1	SRX976959	uncalculated	uncalculated	not applicable	Illumina HiSeq 2000	not applicable	not applicable	WOS018	PAIRED	RANDOM	METAGENOMIC	human skin metagenome	ILLUMINA	not applicable	not applicable	2016-03-26T00:00:00Z	2015-04-02T09:53:00Z	1	not applicable	not applicable	not applicable	WOS018	WOS018	SRP056821
ERZ500998	root:Host-associated:Human:Skin	metaspades	3.11.1	43075	37	943	2823	3765	4114308	16624	ERZ500998	SAMN03398589	PRJEB25958	human skin metagenome 25	539655	human skin metagenome	ftp.sra.ebi.ac.uk/vol1/sequence/ERZ500/ERZ500998/contig.fa.gz	ftp.sra.ebi.ac.uk/vol1/analysis/ERZ500/ERZ500998/SRR1950775.fasta.gz	SRR1950775	WGS	200	1166125800	PRJNA277905	SAMN03398589	Metagenome or environmental	491072059	GENOME INSTITRUTE OF SINGAPORE	not applicable	public	sra,run.zq,fastq	ncbi,s3,gs	ncbi.public,gs.us-east1,s3.us-east-1	SRX977024	uncalculated	uncalculated	not applicable	Illumina HiSeq 2000	not applicable	not applicable	WBE046	PAIRED	RANDOM	METAGENOMIC	human skin metagenome	ILLUMINA	not applicable	not applicable	2016-03-26T00:00:00Z	2015-04-02T09:48:00Z	1	not applicable	not applicable	not applicable	WBE046	WBE046	SRP056821
ERZ500999	root:Host-associated:Human:Skin	metaspades	3.11.1	56830	31	2096	14802	16897	24841461	514080	ERZ500999	SAMN03398554	PRJEB25958	human skin metagenome 26	539655	human skin metagenome	ftp.sra.ebi.ac.uk/vol1/sequence/ERZ500/ERZ500999/contig.fa.gz	ftp.sra.ebi.ac.uk/vol1/analysis/ERZ500/ERZ500999/SRR1950740.fasta.gz	SRR1950740	WGS	200	831028800	PRJNA277905	SAMN03398554	Metagenome or environmental	353224748	GENOME INSTITRUTE OF SINGAPORE	not applicable	public	run.zq,sra,fastq	s3,ncbi,gs	s3.us-east-1,ncbi.public,gs.us-east1	SRX976989	uncalculated	uncalculated	not applicable	Illumina HiSeq 2000	not applicable	not applicable	WBU018	PAIRED	RANDOM	METAGENOMIC	human skin metagenome	ILLUMINA	not applicable	not applicable	2016-03-26T00:00:00Z	2015-04-02T09:49:00Z	1	not applicable	not applicable	not applicable	WBU018	WBU018	SRP056821
ERZ501000	root:Host-associated:Human:Skin	metaspades	3.11.1	76222	74	8555	28977	37531	37854822	470509	ERZ501000	SAMN03398534	PRJEB25958	human skin metagenome 27	539655	human skin metagenome	ftp.sra.ebi.ac.uk/vol1/sequence/ERZ501/ERZ501000/contig.fa.gz	ftp.sra.ebi.ac.uk/vol1/analysis/ERZ501/ERZ501000/SRR1950720.fasta.gz	SRR1950720	WGS	200	1936943000	PRJNA277905	SAMN03398534	Metagenome or environmental	1321002467	GENOME INSTITRUTE OF SINGAPORE	not applicable	public	sra,run.zq,fastq	ncbi,s3,gs	ncbi.public,s3.us-east-1,gs.us-east1	SRX976969	uncalculated	uncalculated	not applicable	Illumina HiSeq 2000	not applicable	not applicable	WBE020	PAIRED	RANDOM	METAGENOMIC	human skin metagenome	ILLUMINA	not applicable	not applicable	2016-03-26T00:00:00Z	2015-04-02T09:52:00Z	1	not applicable	not applicable	not applicable	WBE020	WBE020	SRP056821
ERZ501001	root:Host-associated:Human:Skin	metaspades	3.11.1	39222	29	742	2929	3670	4670809	36341	ERZ501001	SAMN03398595	PRJEB25958	human skin metagenome 28	539655	human skin metagenome	ftp.sra.ebi.ac.uk/vol1/sequence/ERZ501/ERZ501001/contig.fa.gz	ftp.sra.ebi.ac.uk/vol1/analysis/ERZ501/ERZ501001/SRR1950781.fasta.gz	SRR1950781	WGS	200	1204510200	PRJNA277905	SAMN03398595	Metagenome or environmental	509774244	GENOME INSTITRUTE OF SINGAPORE	not applicable	public	sra,run.zq,fastq	ncbi,s3,gs	gs.us-east1,ncbi.public,s3.us-east-1	SRX977030	uncalculated	uncalculated	not applicable	Illumina HiSeq 2000	not applicable	not applicable	WBE025	PAIRED	RANDOM	METAGENOMIC	human skin metagenome	ILLUMINA	not applicable	not applicable	2016-03-26T00:00:00Z	2015-04-02T09:48:00Z	1	not applicable	not applicable	not applicable	WBE025	WBE025	SRP056821
ERZ501002	root:Host-associated:Human:Skin	metaspades	3.11.1	53608	51	2284	9788	12071	13479964	58389	ERZ501002	SAMN03398601	PRJEB25958	human skin metagenome 29	539655	human skin metagenome	ftp.sra.ebi.ac.uk/vol1/sequence/ERZ501/ERZ501002/contig.fa.gz	ftp.sra.ebi.ac.uk/vol1/analysis/ERZ501/ERZ501002/SRR1950787.fasta.gz	SRR1950787	WGS	200	1111346600	PRJNA277905	SAMN03398601	Metagenome or environmental	473986762	GENOME INSTITRUTE OF SINGAPORE	not applicable	public	fastq,run.zq,sra	ncbi,s3,gs	ncbi.public,s3.us-east-1,gs.us-east1	SRX977036	uncalculated	uncalculated	not applicable	Illumina HiSeq 2000	not applicable	not applicable	WBS021	PAIRED	RANDOM	METAGENOMIC	human skin metagenome	ILLUMINA	not applicable	not applicable	2016-03-26T00:00:00Z	2015-04-02T09:48:00Z	1	not applicable	not applicable	not applicable	WBS021	WBS021	SRP056821
ERZ501003	root:Host-associated:Human:Skin	metaspades	3.11.1	45029	51	2588	13130	15717	19478736	79288	ERZ501003	SAMN03398600	PRJEB25958	human skin metagenome 30	539655	human skin metagenome	ftp.sra.ebi.ac.uk/vol1/sequence/ERZ501/ERZ501003/contig.fa.gz	ftp.sra.ebi.ac.uk/vol1/analysis/ERZ501/ERZ501003/SRR1950786.fasta.gz	SRR1950786	WGS	200	1149727400	PRJNA277905	SAMN03398600	Metagenome or environmental	487564463	GENOME INSTITRUTE OF SINGAPORE	not applicable	public	sra,run.zq,fastq	gs,s3,ncbi	gs.us-east1,s3.us-east-1,ncbi.public	SRX977035	uncalculated	uncalculated	not applicable	Illumina HiSeq 2000	not applicable	not applicable	WBS020	PAIRED	RANDOM	METAGENOMIC	human skin metagenome	ILLUMINA	not applicable	not applicable	2016-03-26T00:00:00Z	2015-04-02T09:48:00Z	1	not applicable	not applicable	not applicable	WBS020	WBS020	SRP056821
ERZ501004	root:Host-associated:Human:Skin	metaspades	3.11.1	106579	70	1227	8096	9322	11381434	108998	ERZ501004	SAMN03398580	PRJEB25958	human skin metagenome 31	539655	human skin metagenome	ftp.sra.ebi.ac.uk/vol1/sequence/ERZ501/ERZ501004/contig.fa.gz	ftp.sra.ebi.ac.uk/vol1/analysis/ERZ501/ERZ501004/SRR1950766.fasta.gz	SRR1950766	WGS	200	1449742600	PRJNA277905	SAMN03398580	Metagenome or environmental	616610875	GENOME INSTITRUTE OF SINGAPORE	not applicable	public	run.zq,sra,fastq	ncbi,s3,gs	gs.us-east1,ncbi.public,s3.us-east-1	SRX977015	uncalculated	uncalculated	not applicable	Illumina HiSeq 2000	not applicable	not applicable	WBE035	PAIRED	RANDOM	METAGENOMIC	human skin metagenome	ILLUMINA	not applicable	not applicable	2016-03-26T00:00:00Z	2015-04-02T09:50:00Z	1	not applicable	not applicable	not applicable	WBE035	WBE035	SRP056821
ERZ501005	root:Host-associated:Human:Skin	metaspades	3.11.1	223146	51	2374	15132	17505	25130852	315576	ERZ501005	SAMN03398565	PRJEB25958	human skin metagenome 32	539655	human skin metagenome	ftp.sra.ebi.ac.uk/vol1/sequence/ERZ501/ERZ501005/contig.fa.gz	ftp.sra.ebi.ac.uk/vol1/analysis/ERZ501/ERZ501005/SRR1950751.fasta.gz	SRR1950751	WGS	200	1594940200	PRJNA277905	SAMN03398565	Metagenome or environmental	1080230705	GENOME INSTITRUTE OF SINGAPORE	not applicable	public	run.zq,fastq,sra	s3,gs,ncbi	s3.us-east-1,gs.us-east1,ncbi.public	SRX977000	uncalculated	uncalculated	not applicable	Illumina HiSeq 2000	not applicable	not applicable	WBE015	PAIRED	RANDOM	METAGENOMIC	human skin metagenome	ILLUMINA	not applicable	not applicable	2016-03-26T00:00:00Z	2015-04-02T09:50:00Z	1	not applicable	not applicable	not applicable	WBE015	WBE015	SRP056821
ERZ501006	root:Host-associated:Human:Skin	metaspades	3.11.1	21135	18	384	6984	7367	10828444	514035	ERZ501006	SAMN03398551	PRJEB25958	human skin metagenome 33	539655	human skin metagenome	ftp.sra.ebi.ac.uk/vol1/sequence/ERZ501/ERZ501006/contig.fa.gz	ftp.sra.ebi.ac.uk/vol1/analysis/ERZ501/ERZ501006/SRR1950737.fasta.gz	SRR1950737	WGS	200	940414200	PRJNA277905	SAMN03398551	Metagenome or environmental	403377322	GENOME INSTITRUTE OF SINGAPORE	not applicable	public	run.zq,sra,fastq	ncbi,s3,gs	s3.us-east-1,gs.us-east1,ncbi.public	SRX976986	uncalculated	uncalculated	not applicable	Illumina HiSeq 2000	not applicable	not applicable	WBU015	PAIRED	RANDOM	METAGENOMIC	human skin metagenome	ILLUMINA	not applicable	not applicable	2016-03-26T00:00:00Z	2015-04-02T09:52:00Z	1	not applicable	not applicable	not applicable	WBU015	WBU015	SRP056821
ERZ501007	root:Host-associated:Human:Skin	metaspades	3.11.1	85282	32	10	879	888	3222160	295292	ERZ501007	SAMN03398578	PRJEB25958	human skin metagenome 34	539655	human skin metagenome	ftp.sra.ebi.ac.uk/vol1/sequence/ERZ501/ERZ501007/contig.fa.gz	ftp.sra.ebi.ac.uk/vol1/analysis/ERZ501/ERZ501007/SRR1950764.fasta.gz	SRR1950764	WGS	200	1772984200	PRJNA277905	SAMN03398578	Metagenome or environmental	752387668	GENOME INSTITRUTE OF SINGAPORE	not applicable	public	fastq,sra,run.zq	gs,s3,ncbi	s3.us-east-1,gs.us-east1,ncbi.public	SRX977013	uncalculated	uncalculated	not applicable	Illumina HiSeq 2000	not applicable	not applicable	WBE033	PAIRED	RANDOM	METAGENOMIC	human skin metagenome	ILLUMINA	not applicable	not applicable	2016-03-26T00:00:00Z	2015-04-02T09:51:00Z	1	not applicable	not applicable	not applicable	WBE033	WBE033	SRP056821
ERZ501008	root:Host-associated:Human:Skin	metaspades	3.11.1	103199	72	3070	8554	11623	10287779	18173	ERZ501008	SAMN03398572	PRJEB25958	human skin metagenome 35	539655	human skin metagenome	ftp.sra.ebi.ac.uk/vol1/sequence/ERZ501/ERZ501008/contig.fa.gz	ftp.sra.ebi.ac.uk/vol1/analysis/ERZ501/ERZ501008/SRR1950758.fasta.gz	SRR1950758	WGS	200	1480034200	PRJNA277905	SAMN03398572	Metagenome or environmental	625930838	GENOME INSTITRUTE OF SINGAPORE	not applicable	public	fastq,run.zq,sra	s3,ncbi,gs	gs.us-east1,s3.us-east-1,ncbi.public	SRX977007	uncalculated	uncalculated	not applicable	Illumina HiSeq 2000	not applicable	not applicable	WBE027	PAIRED	RANDOM	METAGENOMIC	human skin metagenome	ILLUMINA	not applicable	not applicable	2016-03-26T00:00:00Z	2015-04-02T09:52:00Z	1	not applicable	not applicable	not applicable	WBE027	WBE027	SRP056821
ERZ501009	root:Host-associated:Human:Skin	metaspades	3.11.1	57026	44	713	5569	6281	7404849	761995	ERZ501009	SAMN03398528	PRJEB25958	human skin metagenome 36	539655	human skin metagenome	ftp.sra.ebi.ac.uk/vol1/sequence/ERZ501/ERZ501009/contig.fa.gz	ftp.sra.ebi.ac.uk/vol1/analysis/ERZ501/ERZ501009/SRR1950714.fasta.gz	SRR1950714	WGS	200	2150508600	PRJNA277905	SAMN03398528	Metagenome or environmental	1453057528	GENOME INSTITRUTE OF SINGAPORE	not applicable	public	sra,fastq,run.zq	s3,gs,ncbi	gs.us-east1,ncbi.public,s3.us-east-1	SRX976963	uncalculated	uncalculated	not applicable	Illumina HiSeq 2000	not applicable	not applicable	WBE006	PAIRED	RANDOM	METAGENOMIC	human skin metagenome	ILLUMINA	not applicable	not applicable	2016-03-26T00:00:00Z	2015-04-02T09:54:00Z	1	not applicable	not applicable	not applicable	WBE006	WBE006	SRP056821
ERZ501010	root:Host-associated:Human:Skin	metaspades	3.11.1	79898	59	1770	8948	10717	12396340	356254	ERZ501010	SAMN03398525	PRJEB25958	human skin metagenome 37	539655	human skin metagenome	ftp.sra.ebi.ac.uk/vol1/sequence/ERZ501/ERZ501010/contig.fa.gz	ftp.sra.ebi.ac.uk/vol1/analysis/ERZ501/ERZ501010/SRR1950711.fasta.gz	SRR1950711	WGS	200	1593319200	PRJNA277905	SAMN03398525	Metagenome or environmental	700195364	GENOME INSTITRUTE OF SINGAPORE	not applicable	public	sra,fastq,run.zq	gs,s3,ncbi	ncbi.public,gs.us-east1,s3.us-east-1	SRX976960	uncalculated	uncalculated	not applicable	Illumina HiSeq 2000	not applicable	not applicable	WOS019	PAIRED	RANDOM	METAGENOMIC	human skin metagenome	ILLUMINA	not applicable	not applicable	2016-03-26T00:00:00Z	2015-04-02T09:55:00Z	1	not applicable	not applicable	not applicable	WOS019	WOS019	SRP056821
ERZ501011	root:Host-associated:Human:Skin	metaspades	3.11.1	72371	55	2713	22567	25279	35627057	161664	ERZ501011	SAMN03398530	PRJEB25958	human skin metagenome 38	539655	human skin metagenome	ftp.sra.ebi.ac.uk/vol1/sequence/ERZ501/ERZ501011/contig.fa.gz	ftp.sra.ebi.ac.uk/vol1/analysis/ERZ501/ERZ501011/SRR1950716.fasta.gz	SRR1950716	WGS	200	1572752400	PRJNA277905	SAMN03398530	Metagenome or environmental	1085403584	GENOME INSTITRUTE OF SINGAPORE	not applicable	public	run.zq,sra,fastq	ncbi,s3,gs	s3.us-east-1,gs.us-east1,ncbi.public	SRX976965	uncalculated	uncalculated	not applicable	Illumina HiSeq 2000	not applicable	not applicable	WBE008	PAIRED	RANDOM	METAGENOMIC	human skin metagenome	ILLUMINA	not applicable	not applicable	2016-03-26T00:00:00Z	2015-04-02T09:53:00Z	1	not applicable	not applicable	not applicable	WBE008	WBE008	SRP056821
ERZ501012	root:Host-associated:Human:Skin	metaspades	3.11.1	58703	56	365	9130	9494	15056611	315576	ERZ501012	SAMN03398566	PRJEB25958	human skin metagenome 39	539655	human skin metagenome	ftp.sra.ebi.ac.uk/vol1/sequence/ERZ501/ERZ501012/contig.fa.gz	ftp.sra.ebi.ac.uk/vol1/analysis/ERZ501/ERZ501012/SRR1950752.fasta.gz	SRR1950752	WGS	200	1768068400	PRJNA277905	SAMN03398566	Metagenome or environmental	1196324125	GENOME INSTITRUTE OF SINGAPORE	not applicable	public	run.zq,fastq,sra	ncbi,s3,gs	ncbi.public,gs.us-east1,s3.us-east-1	SRX977001	uncalculated	uncalculated	not applicable	Illumina HiSeq 2000	not applicable	not applicable	WBE016	PAIRED	RANDOM	METAGENOMIC	human skin metagenome	ILLUMINA	not applicable	not applicable	2016-03-26T00:00:00Z	2015-04-02T09:54:00Z	1	not applicable	not applicable	not applicable	WBE016	WBE016	SRP056821
ERZ501013	root:Host-associated:Human:Skin	metaspades	3.11.1	41879	39	3148	17960	21107	27276179	161394	ERZ501013	SAMN03398545	PRJEB25958	human skin metagenome 40	539655	human skin metagenome	ftp.sra.ebi.ac.uk/vol1/sequence/ERZ501/ERZ501013/contig.fa.gz	ftp.sra.ebi.ac.uk/vol1/analysis/ERZ501/ERZ501013/SRR1950731.fasta.gz	SRR1950731	WGS	200	1017848400	PRJNA277905	SAMN03398545	Metagenome or environmental	433010551	GENOME INSTITRUTE OF SINGAPORE	not applicable	public	sra,fastq,run.zq	ncbi,s3,gs	gs.us-east1,s3.us-east-1,ncbi.public	SRX976980	uncalculated	uncalculated	not applicable	Illumina HiSeq 2000	not applicable	not applicable	WBU009	PAIRED	RANDOM	METAGENOMIC	human skin metagenome	ILLUMINA	not applicable	not applicable	2016-03-26T00:00:00Z	2015-04-02T09:51:00Z	1	not applicable	not applicable	not applicable	WBU009	WBU009	SRP056821
ERZ501014	root:Host-associated:Human:Skin	metaspades	3.11.1	33335	42	2744	12651	15394	18663347	97681	ERZ501014	SAMN03398602	PRJEB25958	human skin metagenome 41	539655	human skin metagenome	ftp.sra.ebi.ac.uk/vol1/sequence/ERZ501/ERZ501014/contig.fa.gz	ftp.sra.ebi.ac.uk/vol1/analysis/ERZ501/ERZ501014/SRR1950788.fasta.gz	SRR1950788	WGS	200	855484000	PRJNA277905	SAMN03398602	Metagenome or environmental	362585851	GENOME INSTITRUTE OF SINGAPORE	not applicable	public	fastq,run.zq,sra	gs,s3,ncbi	ncbi.public,gs.us-east1,s3.us-east-1	SRX977037	uncalculated	uncalculated	not applicable	Illumina HiSeq 2000	not applicable	not applicable	WBS022	PAIRED	RANDOM	METAGENOMIC	human skin metagenome	ILLUMINA	not applicable	not applicable	2016-03-26T00:00:00Z	2015-04-02T09:47:00Z	1	not applicable	not applicable	not applicable	WBS022	WBS022	SRP056821
ERZ501015	root:Host-associated:Human:Skin	metaspades	3.11.1	57500	55	539	5278	5816	9096313	252701	ERZ501015	SAMN03398568	PRJEB25958	human skin metagenome 42	539655	human skin metagenome	ftp.sra.ebi.ac.uk/vol1/sequence/ERZ501/ERZ501015/contig.fa.gz	ftp.sra.ebi.ac.uk/vol1/analysis/ERZ501/ERZ501015/SRR1950754.fasta.gz	SRR1950754	WGS	200	1608647800	PRJNA277905	SAMN03398568	Metagenome or environmental	1079537146	GENOME INSTITRUTE OF SINGAPORE	not applicable	public	sra,run.zq,fastq	ncbi,s3,gs	gs.us-east1,ncbi.public,s3.us-east-1	SRX977003	uncalculated	uncalculated	not applicable	Illumina HiSeq 2000	not applicable	not applicable	WBE022	PAIRED	RANDOM	METAGENOMIC	human skin metagenome	ILLUMINA	not applicable	not applicable	2016-03-26T00:00:00Z	2015-04-02T09:51:00Z	1	not applicable	not applicable	not applicable	WBE022	WBE022	SRP056821
ERZ501016	root:Host-associated:Human:Skin	metaspades	3.11.1	103447	82	2044	27355	29398	45908700	330713	ERZ501016	SAMN03398594	PRJEB25958	human skin metagenome 43	539655	human skin metagenome	ftp.sra.ebi.ac.uk/vol1/sequence/ERZ501/ERZ501016/contig.fa.gz	ftp.sra.ebi.ac.uk/vol1/analysis/ERZ501/ERZ501016/SRR1950780.fasta.gz	SRR1950780	WGS	200	2131343400	PRJNA277905	SAMN03398594	Metagenome or environmental	904644746	GENOME INSTITRUTE OF SINGAPORE	not applicable	public	run.zq,sra,fastq	s3,ncbi,gs	gs.us-east1,ncbi.public,s3.us-east-1	SRX977029	uncalculated	uncalculated	not applicable	Illumina HiSeq 2000	not applicable	not applicable	WBU006	PAIRED	RANDOM	METAGENOMIC	human skin metagenome	ILLUMINA	not applicable	not applicable	2016-03-26T00:00:00Z	2015-04-02T09:49:00Z	1	not applicable	not applicable	not applicable	WBU006	WBU006	SRP056821
ERZ501017	root:Host-associated:Human:Skin	metaspades	3.11.1	53838	37	7	2675	2681	4623314	898267	ERZ501017	SAMN03398577	PRJEB25958	human skin metagenome 44	539655	human skin metagenome	ftp.sra.ebi.ac.uk/vol1/sequence/ERZ501/ERZ501017/contig.fa.gz	ftp.sra.ebi.ac.uk/vol1/analysis/ERZ501/ERZ501017/SRR1950763.fasta.gz	SRR1950763	WGS	200	1604267200	PRJNA277905	SAMN03398577	Metagenome or environmental	686390722	GENOME INSTITRUTE OF SINGAPORE	not applicable	public	sra,run.zq,fastq	gs,ncbi,s3	ncbi.public,gs.us-east1,s3.us-east-1	SRX977012	uncalculated	uncalculated	not applicable	Illumina HiSeq 2000	not applicable	not applicable	WBE032	PAIRED	RANDOM	METAGENOMIC	human skin metagenome	ILLUMINA	not applicable	not applicable	2016-03-26T00:00:00Z	2015-04-02T09:49:00Z	1	not applicable	not applicable	not applicable	WBE032	WBE032	SRP056821
ERZ501018	root:Host-associated:Human:Skin	metaspades	3.11.1	144752	77	2572	11230	13801	14315015	784474	ERZ501018	SAMN03398561	PRJEB25958	human skin metagenome 45	539655	human skin metagenome	ftp.sra.ebi.ac.uk/vol1/sequence/ERZ501/ERZ501018/contig.fa.gz	ftp.sra.ebi.ac.uk/vol1/analysis/ERZ501/ERZ501018/SRR1950747.fasta.gz	SRR1950747	WGS	200	2212275000	PRJNA277905	SAMN03398561	Metagenome or environmental	1486863115	GENOME INSTITRUTE OF SINGAPORE	not applicable	public	fastq,run.zq,sra	s3,ncbi,gs	ncbi.public,gs.us-east1,s3.us-east-1	SRX976996	uncalculated	uncalculated	not applicable	Illumina HiSeq 2000	not applicable	not applicable	WBE011	PAIRED	RANDOM	METAGENOMIC	human skin metagenome	ILLUMINA	not applicable	not applicable	2016-03-26T00:00:00Z	2015-04-02T09:53:00Z	1	not applicable	not applicable	not applicable	WBE011	WBE011	SRP056821
ERZ501019	root:Host-associated:Human:Skin	metaspades	3.11.1	26221	30	1840	4714	6553	6406455	16622	ERZ501019	SAMN03398585	PRJEB25958	human skin metagenome 46	539655	human skin metagenome	ftp.sra.ebi.ac.uk/vol1/sequence/ERZ501/ERZ501019/contig.fa.gz	ftp.sra.ebi.ac.uk/vol1/analysis/ERZ501/ERZ501019/SRR1950771.fasta.gz	SRR1950771	WGS	200	761064600	PRJNA277905	SAMN03398585	Metagenome or environmental	327353539	GENOME INSTITRUTE OF SINGAPORE	not applicable	public	fastq,run.zq,sra	ncbi,s3,gs	s3.us-east-1,gs.us-east1,ncbi.public	SRX977020	uncalculated	uncalculated	not applicable	Illumina HiSeq 2000	not applicable	not applicable	WBE040	PAIRED	RANDOM	METAGENOMIC	human skin metagenome	ILLUMINA	not applicable	not applicable	2016-03-26T00:00:00Z	2015-04-02T09:48:00Z	1	not applicable	not applicable	not applicable	WBE040	WBE040	SRP056821
ERZ501020	root:Host-associated:Human:Skin	metaspades	3.11.1	87832	76	2797	11848	14644	14879381	197290	ERZ501020	SAMN03398563	PRJEB25958	human skin metagenome 47	539655	human skin metagenome	ftp.sra.ebi.ac.uk/vol1/sequence/ERZ501/ERZ501020/contig.fa.gz	ftp.sra.ebi.ac.uk/vol1/analysis/ERZ501/ERZ501020/SRR1950749.fasta.gz	SRR1950749	WGS	200	1855830400	PRJNA277905	SAMN03398563	Metagenome or environmental	1256637507	GENOME INSTITRUTE OF SINGAPORE	not applicable	public	fastq,sra,run.zq	s3,gs,ncbi	gs.us-east1,s3.us-east-1,ncbi.public	SRX976998	uncalculated	uncalculated	not applicable	Illumina HiSeq 2000	not applicable	not applicable	WBE013	PAIRED	RANDOM	METAGENOMIC	human skin metagenome	ILLUMINA	not applicable	not applicable	2016-03-26T00:00:00Z	2015-04-02T09:51:00Z	1	not applicable	not applicable	not applicable	WBE013	WBE013	SRP056821
ERZ501021	root:Host-associated:Human:Skin	metaspades	3.11.1	38251	45	1354	13025	14378	21312465	694862	ERZ501021	SAMN03398553	PRJEB25958	human skin metagenome 48	539655	human skin metagenome	ftp.sra.ebi.ac.uk/vol1/sequence/ERZ501/ERZ501021/contig.fa.gz	ftp.sra.ebi.ac.uk/vol1/analysis/ERZ501/ERZ501021/SRR1950739.fasta.gz	SRR1950739	WGS	200	991560600	PRJNA277905	SAMN03398553	Metagenome or environmental	419599871	GENOME INSTITRUTE OF SINGAPORE	not applicable	public	run.zq,sra,fastq	s3,ncbi,gs	ncbi.public,gs.us-east1,s3.us-east-1	SRX976988	uncalculated	uncalculated	not applicable	Illumina HiSeq 2000	not applicable	not applicable	WBU017	PAIRED	RANDOM	METAGENOMIC	human skin metagenome	ILLUMINA	not applicable	not applicable	2016-03-26T00:00:00Z	2015-04-02T09:49:00Z	1	not applicable	not applicable	not applicable	WBU017	WBU017	SRP056821
ERZ501022	root:Host-associated:Human:Skin	metaspades	3.11.1	126813	45	833	4943	5775	7893684	46257	ERZ501022	SAMN03398532	PRJEB25958	human skin metagenome 49	539655	human skin metagenome	ftp.sra.ebi.ac.uk/vol1/sequence/ERZ501/ERZ501022/contig.fa.gz	ftp.sra.ebi.ac.uk/vol1/analysis/ERZ501/ERZ501022/SRR1950718.fasta.gz	SRR1950718	WGS	200	3924134000	PRJNA277905	SAMN03398532	Metagenome or environmental	2658983884	GENOME INSTITRUTE OF SINGAPORE	not applicable	public	fastq,sra,run.zq	ncbi,gs,s3	gs.us-east1,s3.us-east-1,ncbi.public	SRX976967	uncalculated	uncalculated	not applicable	Illumina HiSeq 2000	not applicable	not applicable	WBE018	PAIRED	RANDOM	METAGENOMIC	human skin metagenome	ILLUMINA	not applicable	not applicable	2016-03-26T00:00:00Z	2015-04-02T09:56:00Z	1	not applicable	not applicable	not applicable	WBE018	WBE018	SRP056821
ERZ501023	root:Host-associated:Human:Skin	metaspades	3.11.1	27535	34	189	6761	6949	14897394	337154	ERZ501023	SAMN03398596	PRJEB25958	human skin metagenome 50	539655	human skin metagenome	ftp.sra.ebi.ac.uk/vol1/sequence/ERZ501/ERZ501023/contig.fa.gz	ftp.sra.ebi.ac.uk/vol1/analysis/ERZ501/ERZ501023/SRR1950782.fasta.gz	SRR1950782	WGS	200	816530600	PRJNA277905	SAMN03398596	Metagenome or environmental	348547362	GENOME INSTITRUTE OF SINGAPORE	not applicable	public	sra,fastq,run.zq	s3,ncbi,gs	s3.us-east-1,gs.us-east1,ncbi.public	SRX977031	uncalculated	uncalculated	not applicable	Illumina HiSeq 2000	not applicable	not applicable	WBS012	PAIRED	RANDOM	METAGENOMIC	human skin metagenome	ILLUMINA	not applicable	not applicable	2016-03-26T00:00:00Z	2015-04-02T09:48:00Z	1	not applicable	not applicable	not applicable	WBS012	WBS012	SRP056821
ERZ501024	root:Host-associated:Human:Skin	metaspades	3.11.1	78340	47	269	8845	9113	21325014	270594	ERZ501024	SAMN03398501	PRJEB25958	human skin metagenome 51	539655	human skin metagenome	ftp.sra.ebi.ac.uk/vol1/sequence/ERZ501/ERZ501024/contig.fa.gz	ftp.sra.ebi.ac.uk/vol1/analysis/ERZ501/ERZ501024/SRR1950687.fasta.gz	SRR1950687	WGS	200	2132836800	PRJNA277905	SAMN03398501	Metagenome or environmental	902909637	GENOME INSTITRUTE OF SINGAPORE	not applicable	public	sra,fastq,run.zq	s3,ncbi,gs	gs.us-east1,s3.us-east-1,ncbi.public	SRX976936	uncalculated	uncalculated	not applicable	Illumina HiSeq 2000	not applicable	not applicable	WBS008	PAIRED	RANDOM	METAGENOMIC	human skin metagenome	ILLUMINA	not applicable	not applicable	2016-03-26T00:00:00Z	2015-04-02T09:54:00Z	1	not applicable	not applicable	not applicable	WBS008	WBS008	SRP056821
ERZ501025	root:Host-associated:Human:Skin	metaspades	3.11.1	66339	45	825	2967	3791	4367688	16740	ERZ501025	SAMN03398590	PRJEB25958	human skin metagenome 52	539655	human skin metagenome	ftp.sra.ebi.ac.uk/vol1/sequence/ERZ501/ERZ501025/contig.fa.gz	ftp.sra.ebi.ac.uk/vol1/analysis/ERZ501/ERZ501025/SRR1950776.fasta.gz	SRR1950776	WGS	200	1528614000	PRJNA277905	SAMN03398590	Metagenome or environmental	646240478	GENOME INSTITRUTE OF SINGAPORE	not applicable	public	fastq,sra,run.zq	s3,ncbi,gs	ncbi.public,gs.us-east1,s3.us-east-1	SRX977025	uncalculated	uncalculated	not applicable	Illumina HiSeq 2000	not applicable	not applicable	WBE047	PAIRED	RANDOM	METAGENOMIC	human skin metagenome	ILLUMINA	not applicable	not applicable	2016-03-26T00:00:00Z	2015-04-02T09:48:00Z	1	not applicable	not applicable	not applicable	WBE047	WBE047	SRP056821
ERZ501026	root:Host-associated:Human:Skin	metaspades	3.11.1	48157	30	89	3135	3223	5104950	151711	ERZ501026	SAMN03398531	PRJEB25958	human skin metagenome 53	539655	human skin metagenome	ftp.sra.ebi.ac.uk/vol1/sequence/ERZ501/ERZ501026/contig.fa.gz	ftp.sra.ebi.ac.uk/vol1/analysis/ERZ501/ERZ501026/SRR1950717.fasta.gz	SRR1950717	WGS	200	1685740800	PRJNA277905	SAMN03398531	Metagenome or environmental	1144215115	GENOME INSTITRUTE OF SINGAPORE	not applicable	public	sra,run.zq,fastq	s3,gs,ncbi	gs.us-east1,ncbi.public,s3.us-east-1	SRX976966	uncalculated	uncalculated	not applicable	Illumina HiSeq 2000	not applicable	not applicable	WBE017	PAIRED	RANDOM	METAGENOMIC	human skin metagenome	ILLUMINA	not applicable	not applicable	2016-03-26T00:00:00Z	2015-04-02T09:53:00Z	1	not applicable	not applicable	not applicable	WBE017	WBE017	SRP056821
ERZ501027	root:Host-associated:Human:Skin	metaspades	3.11.1	71602	51	1396	2859	4254	3283601	16628	ERZ501027	SAMN03398588	PRJEB25958	human skin metagenome 54	539655	human skin metagenome	ftp.sra.ebi.ac.uk/vol1/sequence/ERZ501/ERZ501027/contig.fa.gz	ftp.sra.ebi.ac.uk/vol1/analysis/ERZ501/ERZ501027/SRR1950774.fasta.gz	SRR1950774	WGS	200	1044654000	PRJNA277905	SAMN03398588	Metagenome or environmental	439153419	GENOME INSTITRUTE OF SINGAPORE	not applicable	public	run.zq,fastq,sra	gs,s3,ncbi	ncbi.public,s3.us-east-1,gs.us-east1	SRX977023	uncalculated	uncalculated	not applicable	Illumina HiSeq 2000	not applicable	not applicable	WBE045	PAIRED	RANDOM	METAGENOMIC	human skin metagenome	ILLUMINA	not applicable	not applicable	2016-03-26T00:00:00Z	2015-04-02T09:48:00Z	1	not applicable	not applicable	not applicable	WBE045	WBE045	SRP056821
ERZ501028	root:Host-associated:Human:Skin	metaspades	3.11.1	48645	50	1519	10449	11967	17167311	88876	ERZ501028	SAMN03398576	PRJEB25958	human skin metagenome 55	539655	human skin metagenome	ftp.sra.ebi.ac.uk/vol1/sequence/ERZ501/ERZ501028/contig.fa.gz	ftp.sra.ebi.ac.uk/vol1/analysis/ERZ501/ERZ501028/SRR1950762.fasta.gz	SRR1950762	WGS	200	1106487400	PRJNA277905	SAMN03398576	Metagenome or environmental	472222471	GENOME INSTITRUTE OF SINGAPORE	not applicable	public	fastq,run.zq,sra	s3,gs,ncbi	ncbi.public,s3.us-east-1,gs.us-east1	SRX977011	uncalculated	uncalculated	not applicable	Illumina HiSeq 2000	not applicable	not applicable	WBE031	PAIRED	RANDOM	METAGENOMIC	human skin metagenome	ILLUMINA	not applicable	not applicable	2016-03-26T00:00:00Z	2015-04-02T09:49:00Z	1	not applicable	not applicable	not applicable	WBE031	WBE031	SRP056821
ERZ501029	root:Host-associated:Human:Skin	metaspades	3.11.1	47915	36	26	2677	2702	4603830	254597	ERZ501029	SAMN03398604	PRJEB25958	human skin metagenome 56	539655	human skin metagenome	ftp.sra.ebi.ac.uk/vol1/sequence/ERZ501/ERZ501029/contig.fa.gz	ftp.sra.ebi.ac.uk/vol1/analysis/ERZ501/ERZ501029/SRR1950790.fasta.gz	SRR1950790	WGS	200	986381000	PRJNA277905	SAMN03398604	Metagenome or environmental	421028313	GENOME INSTITRUTE OF SINGAPORE	not applicable	public	run.zq,fastq,sra	ncbi,s3,gs	gs.us-east1,ncbi.public,s3.us-east-1	SRX977039	uncalculated	uncalculated	not applicable	Illumina HiSeq 2000	not applicable	not applicable	WBE042	PAIRED	RANDOM	METAGENOMIC	human skin metagenome	ILLUMINA	not applicable	not applicable	2016-03-26T00:00:00Z	2015-04-02T09:47:00Z	1	not applicable	not applicable	not applicable	WBE042	WBE042	SRP056821
ERZ501030	root:Host-associated:Human:Skin	metaspades	3.11.1	52592	52	769	6107	6875	10361000	33193	ERZ501030	SAMN03398599	PRJEB25958	human skin metagenome 57	539655	human skin metagenome	ftp.sra.ebi.ac.uk/vol1/sequence/ERZ501/ERZ501030/contig.fa.gz	ftp.sra.ebi.ac.uk/vol1/analysis/ERZ501/ERZ501030/SRR1950785.fasta.gz	SRR1950785	WGS	200	1015217000	PRJNA277905	SAMN03398599	Metagenome or environmental	429514867	GENOME INSTITRUTE OF SINGAPORE	not applicable	public	run.zq,sra,fastq	s3,gs,ncbi	s3.us-east-1,gs.us-east1,ncbi.public	SRX977034	uncalculated	uncalculated	not applicable	Illumina HiSeq 2000	not applicable	not applicable	WBS015	PAIRED	RANDOM	METAGENOMIC	human skin metagenome	ILLUMINA	not applicable	not applicable	2016-03-26T00:00:00Z	2015-04-02T09:48:00Z	1	not applicable	not applicable	not applicable	WBS015	WBS015	SRP056821
ERZ501031	root:Host-associated:Human:Skin	metaspades	3.11.1	74253	65	2096	17492	19587	30762206	74941	ERZ501031	SAMN03398557	PRJEB25958	human skin metagenome 58	539655	human skin metagenome	ftp.sra.ebi.ac.uk/vol1/sequence/ERZ501/ERZ501031/contig.fa.gz	ftp.sra.ebi.ac.uk/vol1/analysis/ERZ501/ERZ501031/SRR1950743.fasta.gz	SRR1950743	WGS	200	1689704800	PRJNA277905	SAMN03398557	Metagenome or environmental	1151217887	GENOME INSTITRUTE OF SINGAPORE	not applicable	public	sra,fastq,run.zq	ncbi,s3,gs	s3.us-east-1,ncbi.public,gs.us-east1	SRX976992	uncalculated	uncalculated	not applicable	Illumina HiSeq 2000	not applicable	not applicable	WBE003	PAIRED	RANDOM	METAGENOMIC	human skin metagenome	ILLUMINA	not applicable	not applicable	2016-03-26T00:00:00Z	2015-04-02T09:52:00Z	1	not applicable	not applicable	not applicable	WBE003	WBE003	SRP056821
ERZ501032	root:Host-associated:Human:Skin	metaspades	3.11.1	24161	27	1421	9202	10622	16101936	233503	ERZ501032	SAMN03398544	PRJEB25958	human skin metagenome 59	539655	human skin metagenome	ftp.sra.ebi.ac.uk/vol1/sequence/ERZ501/ERZ501032/contig.fa.gz	ftp.sra.ebi.ac.uk/vol1/analysis/ERZ501/ERZ501032/SRR1950730.fasta.gz	SRR1950730	WGS	200	690165200	PRJNA277905	SAMN03398544	Metagenome or environmental	290837297	GENOME INSTITRUTE OF SINGAPORE	not applicable	public	sra,run.zq,fastq	ncbi,s3,gs	gs.us-east1,ncbi.public,s3.us-east-1	SRX976979	uncalculated	uncalculated	not applicable	Illumina HiSeq 2000	not applicable	not applicable	WBU008	PAIRED	RANDOM	METAGENOMIC	human skin metagenome	ILLUMINA	not applicable	not applicable	2016-03-26T00:00:00Z	2015-04-02T09:50:00Z	1	not applicable	not applicable	not applicable	WBU008	WBU008	SRP056821
ERZ501033	root:Host-associated:Human:Skin	metaspades	3.11.1	100334	86	4450	26774	31223	36961235	671372	ERZ501033	SAMN03398539	PRJEB25958	human skin metagenome 60	539655	human skin metagenome	ftp.sra.ebi.ac.uk/vol1/sequence/ERZ501/ERZ501033/contig.fa.gz	ftp.sra.ebi.ac.uk/vol1/analysis/ERZ501/ERZ501033/SRR1950725.fasta.gz	SRR1950725	WGS	200	1904328600	PRJNA277905	SAMN03398539	Metagenome or environmental	805448876	GENOME INSTITRUTE OF SINGAPORE	not applicable	public	fastq,run.zq,sra	ncbi,s3,gs	gs.us-east1,s3.us-east-1,ncbi.public	SRX976974	uncalculated	uncalculated	not applicable	Illumina HiSeq 2000	not applicable	not applicable	WBU001	PAIRED	RANDOM	METAGENOMIC	human skin metagenome	ILLUMINA	not applicable	not applicable	2016-03-26T00:00:00Z	2015-04-02T09:52:00Z	1	not applicable	not applicable	not applicable	WBU001	WBU001	SRP056821
ERZ501034	root:Host-associated:Human:Skin	metaspades	3.11.1	57122	53	75	8435	8509	21650421	590689	ERZ501034	SAMN03398549	PRJEB25958	human skin metagenome 61	539655	human skin metagenome	ftp.sra.ebi.ac.uk/vol1/sequence/ERZ501/ERZ501034/contig.fa.gz	ftp.sra.ebi.ac.uk/vol1/analysis/ERZ501/ERZ501034/SRR1950735.fasta.gz	SRR1950735	WGS	200	1337677600	PRJNA277905	SAMN03398549	Metagenome or environmental	566862144	GENOME INSTITRUTE OF SINGAPORE	not applicable	public	sra,run.zq,fastq	gs,ncbi,s3	ncbi.public,gs.us-east1,s3.us-east-1	SRX976984	uncalculated	uncalculated	not applicable	Illumina HiSeq 2000	not applicable	not applicable	WBU013	PAIRED	RANDOM	METAGENOMIC	human skin metagenome	ILLUMINA	not applicable	not applicable	2016-03-26T00:00:00Z	2015-04-02T09:50:00Z	1	not applicable	not applicable	not applicable	WBU013	WBU013	SRP056821
ERZ501035	root:Host-associated:Human:Skin	metaspades	3.11.1	22192	12	406	1666	2071	2970305	16624	ERZ501035	SAMN03398582	PRJEB25958	human skin metagenome 62	539655	human skin metagenome	ftp.sra.ebi.ac.uk/vol1/sequence/ERZ501/ERZ501035/contig.fa.gz	ftp.sra.ebi.ac.uk/vol1/analysis/ERZ501/ERZ501035/SRR1950768.fasta.gz	SRR1950768	WGS	200	1243547200	PRJNA277905	SAMN03398582	Metagenome or environmental	535736323	GENOME INSTITRUTE OF SINGAPORE	not applicable	public	fastq,sra,run.zq	s3,ncbi,gs	ncbi.public,s3.us-east-1,gs.us-east1	SRX977017	uncalculated	uncalculated	not applicable	Illumina HiSeq 2000	not applicable	not applicable	WBE037	PAIRED	RANDOM	METAGENOMIC	human skin metagenome	ILLUMINA	not applicable	not applicable	2016-03-26T00:00:00Z	2015-04-02T09:49:00Z	1	not applicable	not applicable	not applicable	WBE037	WBE037	SRP056821
ERZ501036	root:Host-associated:Human:Skin	metaspades	3.11.1	64189	54	2910	9521	12430	13149749	43062	ERZ501036	SAMN03398543	PRJEB25958	human skin metagenome 63	539655	human skin metagenome	ftp.sra.ebi.ac.uk/vol1/sequence/ERZ501/ERZ501036/contig.fa.gz	ftp.sra.ebi.ac.uk/vol1/analysis/ERZ501/ERZ501036/SRR1950729.fasta.gz	SRR1950729	WGS	200	1140531400	PRJNA277905	SAMN03398543	Metagenome or environmental	476435789	GENOME INSTITRUTE OF SINGAPORE	not applicable	public	run.zq,sra,fastq	gs,ncbi,s3	gs.us-east1,s3.us-east-1,ncbi.public	SRX976978	uncalculated	uncalculated	not applicable	Illumina HiSeq 2000	not applicable	not applicable	WBU007	PAIRED	RANDOM	METAGENOMIC	human skin metagenome	ILLUMINA	not applicable	not applicable	2016-03-26T00:00:00Z	2015-04-02T09:51:00Z	1	not applicable	not applicable	not applicable	WBU007	WBU007	SRP056821
ERZ501037	root:Host-associated:Human:Skin	metaspades	3.11.1	55931	58	801	6491	7291	9434649	70838	ERZ501037	SAMN03398571	PRJEB25958	human skin metagenome 64	539655	human skin metagenome	ftp.sra.ebi.ac.uk/vol1/sequence/ERZ501/ERZ501037/contig.fa.gz	ftp.sra.ebi.ac.uk/vol1/analysis/ERZ501/ERZ501037/SRR1950757.fasta.gz	SRR1950757	WGS	200	1547698600	PRJNA277905	SAMN03398571	Metagenome or environmental	657282917	GENOME INSTITRUTE OF SINGAPORE	not applicable	public	run.zq,sra,fastq	gs,ncbi,s3	ncbi.public,s3.us-east-1,gs.us-east1	SRX977006	uncalculated	uncalculated	not applicable	Illumina HiSeq 2000	not applicable	not applicable	WBE026	PAIRED	RANDOM	METAGENOMIC	human skin metagenome	ILLUMINA	not applicable	not applicable	2016-03-26T00:00:00Z	2015-04-02T09:50:00Z	1	not applicable	not applicable	not applicable	WBE026	WBE026	SRP056821
ERZ501038	root:Host-associated:Human:Skin	metaspades	3.11.1	75505	64	880	6799	7678	9680496	277316	ERZ501038	SAMN03398567	PRJEB25958	human skin metagenome 65	539655	human skin metagenome	ftp.sra.ebi.ac.uk/vol1/sequence/ERZ501/ERZ501038/contig.fa.gz	ftp.sra.ebi.ac.uk/vol1/analysis/ERZ501/ERZ501038/SRR1950753.fasta.gz	SRR1950753	WGS	200	1373320600	PRJNA277905	SAMN03398567	Metagenome or environmental	920918897	GENOME INSTITRUTE OF SINGAPORE	not applicable	public	fastq,run.zq,sra	ncbi,s3,gs	gs.us-east1,ncbi.public,s3.us-east-1	SRX977002	uncalculated	uncalculated	not applicable	Illumina HiSeq 2000	not applicable	not applicable	WBE021	PAIRED	RANDOM	METAGENOMIC	human skin metagenome	ILLUMINA	not applicable	not applicable	2016-03-26T00:00:00Z	2015-04-02T09:53:00Z	1	not applicable	not applicable	not applicable	WBE021	WBE021	SRP056821
ERZ501039	root:Host-associated:Human:Skin	metaspades	3.11.1	116905	87	13767	31692	45458	39673203	125225	ERZ501039	SAMN03398559	PRJEB25958	human skin metagenome 66	539655	human skin metagenome	ftp.sra.ebi.ac.uk/vol1/sequence/ERZ501/ERZ501039/contig.fa.gz	ftp.sra.ebi.ac.uk/vol1/analysis/ERZ501/ERZ501039/SRR1950745.fasta.gz	SRR1950745	WGS	200	1952685800	PRJNA277905	SAMN03398559	Metagenome or environmental	1311862917	GENOME INSTITRUTE OF SINGAPORE	not applicable	public	sra,fastq,run.zq	gs,ncbi,s3	s3.us-east-1,ncbi.public,gs.us-east1	SRX976994	uncalculated	uncalculated	not applicable	Illumina HiSeq 2000	not applicable	not applicable	WBE009	PAIRED	RANDOM	METAGENOMIC	human skin metagenome	ILLUMINA	not applicable	not applicable	2016-03-26T00:00:00Z	2015-04-02T09:51:00Z	1	not applicable	not applicable	not applicable	WBE009	WBE009	SRP056821
ERZ501040	root:Host-associated:Human:Skin	metaspades	3.11.1	80812	78	5622	10884	16505	12573933	16616	ERZ501040	SAMN03398575	PRJEB25958	human skin metagenome 67	539655	human skin metagenome	ftp.sra.ebi.ac.uk/vol1/sequence/ERZ501/ERZ501040/contig.fa.gz	ftp.sra.ebi.ac.uk/vol1/analysis/ERZ501/ERZ501040/SRR1950761.fasta.gz	SRR1950761	WGS	200	1630955200	PRJNA277905	SAMN03398575	Metagenome or environmental	687354333	GENOME INSTITRUTE OF SINGAPORE	not applicable	public	fastq,run.zq,sra	ncbi,gs,s3	s3.us-east-1,ncbi.public,gs.us-east1	SRX977010	uncalculated	uncalculated	not applicable	Illumina HiSeq 2000	not applicable	not applicable	WBE030	PAIRED	RANDOM	METAGENOMIC	human skin metagenome	ILLUMINA	not applicable	not applicable	2016-03-26T00:00:00Z	2015-04-02T09:49:00Z	1	not applicable	not applicable	not applicable	WBE030	WBE030	SRP056821
ERZ501041	root:Host-associated:Human:Skin	metaspades	3.11.1	54558	48	1242	14527	15768	22525764	560022	ERZ501041	SAMN03398573	PRJEB25958	human skin metagenome 68	539655	human skin metagenome	ftp.sra.ebi.ac.uk/vol1/sequence/ERZ501/ERZ501041/contig.fa.gz	ftp.sra.ebi.ac.uk/vol1/analysis/ERZ501/ERZ501041/SRR1950759.fasta.gz	SRR1950759	WGS	200	1260879200	PRJNA277905	SAMN03398573	Metagenome or environmental	550106720	GENOME INSTITRUTE OF SINGAPORE	not applicable	public	fastq,run.zq,sra	gs,ncbi,s3	gs.us-east1,s3.us-east-1,ncbi.public	SRX977008	uncalculated	uncalculated	not applicable	Illumina HiSeq 2000	not applicable	not applicable	WBE028	PAIRED	RANDOM	METAGENOMIC	human skin metagenome	ILLUMINA	not applicable	not applicable	2016-03-26T00:00:00Z	2015-04-02T09:50:00Z	1	not applicable	not applicable	not applicable	WBE028	WBE028	SRP056821
ERZ501042	root:Host-associated:Human:Skin	metaspades	3.11.1	45828	51	1596	4368	5963	5557492	16629	ERZ501042	SAMN03398587	PRJEB25958	human skin metagenome 69	539655	human skin metagenome	ftp.sra.ebi.ac.uk/vol1/sequence/ERZ501/ERZ501042/contig.fa.gz	ftp.sra.ebi.ac.uk/vol1/analysis/ERZ501/ERZ501042/SRR1950773.fasta.gz	SRR1950773	WGS	200	1091912200	PRJNA277905	SAMN03398587	Metagenome or environmental	460710287	GENOME INSTITRUTE OF SINGAPORE	not applicable	public	sra,fastq,run.zq	gs,s3,ncbi	ncbi.public,gs.us-east1,s3.us-east-1	SRX977022	uncalculated	uncalculated	not applicable	Illumina HiSeq 2000	not applicable	not applicable	WBE044	PAIRED	RANDOM	METAGENOMIC	human skin metagenome	ILLUMINA	not applicable	not applicable	2016-03-26T00:00:00Z	2015-04-02T09:48:00Z	1	not applicable	not applicable	not applicable	WBE044	WBE044	SRP056821
ERZ501043	root:Host-associated:Human:Skin	metaspades	3.11.1	56442	47	1235	9400	10634	13361000	514133	ERZ501043	SAMN03398536	PRJEB25958	human skin metagenome 70	539655	human skin metagenome	ftp.sra.ebi.ac.uk/vol1/sequence/ERZ501/ERZ501043/contig.fa.gz	ftp.sra.ebi.ac.uk/vol1/analysis/ERZ501/ERZ501043/SRR1950722.fasta.gz	SRR1950722	WGS	200	1367906000	PRJNA277905	SAMN03398536	Metagenome or environmental	582071038	GENOME INSTITRUTE OF SINGAPORE	not applicable	public	sra,run.zq,fastq	s3,ncbi,gs	s3.us-east-1,gs.us-east1,ncbi.public	SRX976971	uncalculated	uncalculated	not applicable	Illumina HiSeq 2000	not applicable	not applicable	WBS017	PAIRED	RANDOM	METAGENOMIC	human skin metagenome	ILLUMINA	not applicable	not applicable	2016-03-26T00:00:00Z	2015-04-02T09:54:00Z	1	not applicable	not applicable	not applicable	WBS017	WBS017	SRP056821
ERZ501044	root:Host-associated:Human:Skin	metaspades	3.11.1	78217	45	5572	26969	32540	41851247	182611	ERZ501044	SAMN03398546	PRJEB25958	human skin metagenome 71	539655	human skin metagenome	ftp.sra.ebi.ac.uk/vol1/sequence/ERZ501/ERZ501044/contig.fa.gz	ftp.sra.ebi.ac.uk/vol1/analysis/ERZ501/ERZ501044/SRR1950732.fasta.gz	SRR1950732	WGS	200	1490590400	PRJNA277905	SAMN03398546	Metagenome or environmental	639915626	GENOME INSTITRUTE OF SINGAPORE	not applicable	public	fastq,sra,run.zq	ncbi,gs,s3	gs.us-east1,ncbi.public,s3.us-east-1	SRX976981	uncalculated	uncalculated	not applicable	Illumina HiSeq 2000	not applicable	not applicable	WBU010	PAIRED	RANDOM	METAGENOMIC	human skin metagenome	ILLUMINA	not applicable	not applicable	2016-03-26T00:00:00Z	2015-04-02T09:51:00Z	1	not applicable	not applicable	not applicable	WBU010	WBU010	SRP056821
ERZ501045	root:Host-associated:Human:Skin	metaspades	3.11.1	58407	42	607	10133	10739	17360490	80615	ERZ501045	SAMN03398505	PRJEB25958	human skin metagenome 72	539655	human skin metagenome	ftp.sra.ebi.ac.uk/vol1/sequence/ERZ501/ERZ501045/contig.fa.gz	ftp.sra.ebi.ac.uk/vol1/analysis/ERZ501/ERZ501045/SRR1950691.fasta.gz	SRR1950691	WGS	200	1217104600	PRJNA277905	SAMN03398505	Metagenome or environmental	518626527	GENOME INSTITRUTE OF SINGAPORE	not applicable	public	run.zq,sra,fastq	s3,ncbi,gs	s3.us-east-1,ncbi.public,gs.us-east1	SRX976940	uncalculated	uncalculated	not applicable	Illumina HiSeq 2000	not applicable	not applicable	WBS010	PAIRED	RANDOM	METAGENOMIC	human skin metagenome	ILLUMINA	not applicable	not applicable	2016-03-26T00:00:00Z	2015-04-02T09:53:00Z	1	not applicable	not applicable	not applicable	WBS010	WBS010	SRP056821
ERZ501046	root:Host-associated:Human:Skin	metaspades	3.11.1	79954	60	1399	9775	11173	15101540	277193	ERZ501046	SAMN03398579	PRJEB25958	human skin metagenome 73	539655	human skin metagenome	ftp.sra.ebi.ac.uk/vol1/sequence/ERZ501/ERZ501046/contig.fa.gz	ftp.sra.ebi.ac.uk/vol1/analysis/ERZ501/ERZ501046/SRR1950765.fasta.gz	SRR1950765	WGS	200	1342580400	PRJNA277905	SAMN03398579	Metagenome or environmental	571166045	GENOME INSTITRUTE OF SINGAPORE	not applicable	public	sra,fastq,run.zq	ncbi,gs,s3	ncbi.public,s3.us-east-1,gs.us-east1	SRX977014	uncalculated	uncalculated	not applicable	Illumina HiSeq 2000	not applicable	not applicable	WBE034	PAIRED	RANDOM	METAGENOMIC	human skin metagenome	ILLUMINA	not applicable	not applicable	2016-03-26T00:00:00Z	2015-04-02T09:50:00Z	1	not applicable	not applicable	not applicable	WBE034	WBE034	SRP056821
ERZ501047	root:Host-associated:Human:Skin	metaspades	3.11.1	103410	69	1361	16438	17798	39034640	208806	ERZ501047	SAMN03398593	PRJEB25958	human skin metagenome 74	539655	human skin metagenome	ftp.sra.ebi.ac.uk/vol1/sequence/ERZ501/ERZ501047/contig.fa.gz	ftp.sra.ebi.ac.uk/vol1/analysis/ERZ501/ERZ501047/SRR1950779.fasta.gz	SRR1950779	WGS	200	1923745600	PRJNA277905	SAMN03398593	Metagenome or environmental	819871201	GENOME INSTITRUTE OF SINGAPORE	not applicable	public	run.zq,sra,fastq	gs,s3,ncbi	s3.us-east-1,ncbi.public,gs.us-east1	SRX977028	uncalculated	uncalculated	not applicable	Illumina HiSeq 2000	not applicable	not applicable	WBU005	PAIRED	RANDOM	METAGENOMIC	human skin metagenome	ILLUMINA	not applicable	not applicable	2016-03-26T00:00:00Z	2015-04-02T09:49:00Z	1	not applicable	not applicable	not applicable	WBU005	WBU005	SRP056821
ERZ501048	root:Host-associated:Human:Skin	metaspades	3.11.1	124515	67	4129	12817	16945	16117773	36532	ERZ501048	SAMN03398548	PRJEB25958	human skin metagenome 75	539655	human skin metagenome	ftp.sra.ebi.ac.uk/vol1/sequence/ERZ501/ERZ501048/contig.fa.gz	ftp.sra.ebi.ac.uk/vol1/analysis/ERZ501/ERZ501048/SRR1950734.fasta.gz	SRR1950734	WGS	200	1333422000	PRJNA277905	SAMN03398548	Metagenome or environmental	559050625	GENOME INSTITRUTE OF SINGAPORE	not applicable	public	run.zq,sra,fastq	s3,ncbi,gs	gs.us-east1,s3.us-east-1,ncbi.public	SRX976983	uncalculated	uncalculated	not applicable	Illumina HiSeq 2000	not applicable	not applicable	WBU012	PAIRED	RANDOM	METAGENOMIC	human skin metagenome	ILLUMINA	not applicable	not applicable	2016-03-26T00:00:00Z	2015-04-02T09:50:00Z	1	not applicable	not applicable	not applicable	WBU012	WBU012	SRP056821
ERZ501049	root:Host-associated:Human:Skin	metaspades	3.11.1	34053	22	1274	14293	15566	24837603	624253	ERZ501049	SAMN03398519	PRJEB25958	human skin metagenome 76	539655	human skin metagenome	ftp.sra.ebi.ac.uk/vol1/sequence/ERZ501/ERZ501049/contig.fa.gz	ftp.sra.ebi.ac.uk/vol1/analysis/ERZ501/ERZ501049/SRR1950705.fasta.gz	SRR1950705	WGS	200	1167374600	PRJNA277905	SAMN03398519	Metagenome or environmental	524907019	GENOME INSTITRUTE OF SINGAPORE	not applicable	public	sra,fastq,run.zq	s3,ncbi,gs	s3.us-east-1,ncbi.public,gs.us-east1	SRX976954	uncalculated	uncalculated	not applicable	Illumina HiSeq 2000	not applicable	not applicable	WOS011	PAIRED	RANDOM	METAGENOMIC	human skin metagenome	ILLUMINA	not applicable	not applicable	2016-03-26T00:00:00Z	2015-04-02T09:52:00Z	1	not applicable	not applicable	not applicable	WOS011	WOS011	SRP056821
ERZ501050	root:Host-associated:Human:Skin	metaspades	3.11.1	33983	40	1569	10149	11717	14363764	137430	ERZ501050	SAMN03398598	PRJEB25958	human skin metagenome 77	539655	human skin metagenome	ftp.sra.ebi.ac.uk/vol1/sequence/ERZ501/ERZ501050/contig.fa.gz	ftp.sra.ebi.ac.uk/vol1/analysis/ERZ501/ERZ501050/SRR1950784.fasta.gz	SRR1950784	WGS	200	803681600	PRJNA277905	SAMN03398598	Metagenome or environmental	342245712	GENOME INSTITRUTE OF SINGAPORE	not applicable	public	sra,fastq,run.zq	ncbi,gs,s3	gs.us-east1,ncbi.public,s3.us-east-1	SRX977033	uncalculated	uncalculated	not applicable	Illumina HiSeq 2000	not applicable	not applicable	WBS014	PAIRED	RANDOM	METAGENOMIC	human skin metagenome	ILLUMINA	not applicable	not applicable	2016-03-26T00:00:00Z	2015-04-02T09:47:00Z	1	not applicable	not applicable	not applicable	WBS014	WBS014	SRP056821
ERZ501051	root:Host-associated:Human:Skin	metaspades	3.11.1	52619	46	69	4090	4158	7881242	187921	ERZ501051	SAMN03398511	PRJEB25958	human skin metagenome 78	539655	human skin metagenome	ftp.sra.ebi.ac.uk/vol1/sequence/ERZ501/ERZ501051/contig.fa.gz	ftp.sra.ebi.ac.uk/vol1/analysis/ERZ501/ERZ501051/SRR1950697.fasta.gz	SRR1950697	WGS	200	1694856600	PRJNA277905	SAMN03398511	Metagenome or environmental	762037102	GENOME INSTITRUTE OF SINGAPORE	not applicable	public	run.zq,sra,fastq	ncbi,gs,s3	s3.us-east-1,ncbi.public,gs.us-east1	SRX976946	uncalculated	uncalculated	not applicable	Illumina HiSeq 2000	not applicable	not applicable	WOS017	PAIRED	RANDOM	METAGENOMIC	human skin metagenome	ILLUMINA	not applicable	not applicable	2016-03-26T00:00:00Z	2015-04-02T09:54:00Z	1	not applicable	not applicable	not applicable	WOS017	WOS017	SRP056821
ERZ501052	root:Host-associated:Human:Skin	metaspades	3.11.1	76301	73	549	12302	12850	18404547	317662	ERZ501052	SAMN03398503	PRJEB25958	human skin metagenome 79	539655	human skin metagenome	ftp.sra.ebi.ac.uk/vol1/sequence/ERZ501/ERZ501052/contig.fa.gz	ftp.sra.ebi.ac.uk/vol1/analysis/ERZ501/ERZ501052/SRR1950689.fasta.gz	SRR1950689	WGS	200	1837336400	PRJNA277905	SAMN03398503	Metagenome or environmental	773160108	GENOME INSTITRUTE OF SINGAPORE	not applicable	public	run.zq,fastq,sra	gs,ncbi,s3	ncbi.public,s3.us-east-1,gs.us-east1	SRX976938	uncalculated	uncalculated	not applicable	Illumina HiSeq 2000	not applicable	not applicable	WBS009	PAIRED	RANDOM	METAGENOMIC	human skin metagenome	ILLUMINA	not applicable	not applicable	2016-03-26T00:00:00Z	2015-04-02T09:54:00Z	1	not applicable	not applicable	not applicable	WBS009	WBS009	SRP056821
ERZ501053	root:Host-associated:Human:Skin	metaspades	3.11.1	66911	38	1221	11169	12389	23900047	744496	ERZ501053	SAMN03398521	PRJEB25958	human skin metagenome 80	539655	human skin metagenome	ftp.sra.ebi.ac.uk/vol1/sequence/ERZ501/ERZ501053/contig.fa.gz	ftp.sra.ebi.ac.uk/vol1/analysis/ERZ501/ERZ501053/SRR1950707.fasta.gz	SRR1950707	WGS	200	1730236400	PRJNA277905	SAMN03398521	Metagenome or environmental	773327807	GENOME INSTITRUTE OF SINGAPORE	not applicable	public	run.zq,fastq,sra	ncbi,s3,gs	gs.us-east1,ncbi.public,s3.us-east-1	SRX976956	uncalculated	uncalculated	not applicable	Illumina HiSeq 2000	not applicable	not applicable	WOS013	PAIRED	RANDOM	METAGENOMIC	human skin metagenome	ILLUMINA	not applicable	not applicable	2016-03-26T00:00:00Z	2015-04-02T09:52:00Z	1	not applicable	not applicable	not applicable	WOS013	WOS013	SRP056821
ERZ501054	root:Host-associated:Human:Skin	metaspades	3.11.1	48223	44	2037	9743	11779	18774082	43910	ERZ501054	SAMN03398586	PRJEB25958	human skin metagenome 81	539655	human skin metagenome	ftp.sra.ebi.ac.uk/vol1/sequence/ERZ501/ERZ501054/contig.fa.gz	ftp.sra.ebi.ac.uk/vol1/analysis/ERZ501/ERZ501054/SRR1950772.fasta.gz	SRR1950772	WGS	200	1463321400	PRJNA277905	SAMN03398586	Metagenome or environmental	633976988	GENOME INSTITRUTE OF SINGAPORE	not applicable	public	sra,fastq,run.zq	ncbi,gs,s3	s3.us-east-1,gs.us-east1,ncbi.public	SRX977021	uncalculated	uncalculated	not applicable	Illumina HiSeq 2000	not applicable	not applicable	WBE041	PAIRED	RANDOM	METAGENOMIC	human skin metagenome	ILLUMINA	not applicable	not applicable	2016-03-26T00:00:00Z	2015-04-02T09:49:00Z	1	not applicable	not applicable	not applicable	WBE041	WBE041	SRP056821
ERZ501055	root:Host-associated:Human:Skin	metaspades	3.11.1	138796	85	1788	24355	26142	37624200	725960	ERZ501055	SAMN03398538	PRJEB25958	human skin metagenome 82	539655	human skin metagenome	ftp.sra.ebi.ac.uk/vol1/sequence/ERZ501/ERZ501055/contig.fa.gz	ftp.sra.ebi.ac.uk/vol1/analysis/ERZ501/ERZ501055/SRR1950724.fasta.gz	SRR1950724	WGS	200	2914948000	PRJNA277905	SAMN03398538	Metagenome or environmental	1234550725	GENOME INSTITRUTE OF SINGAPORE	not applicable	public	fastq,run.zq,sra	ncbi,gs,s3	s3.us-east-1,ncbi.public,gs.us-east1	SRX976973	uncalculated	uncalculated	not applicable	Illumina HiSeq 2000	not applicable	not applicable	WBS019	PAIRED	RANDOM	METAGENOMIC	human skin metagenome	ILLUMINA	not applicable	not applicable	2016-03-26T00:00:00Z	2015-04-02T09:53:00Z	1	not applicable	not applicable	not applicable	WBS019	WBS019	SRP056821
ERZ501056	root:Host-associated:Human:Skin	metaspades	3.11.1	11141	12	37	1581	1617	3678981	96188	ERZ501056	SAMN03398574	PRJEB25958	human skin metagenome 83	539655	human skin metagenome	ftp.sra.ebi.ac.uk/vol1/sequence/ERZ501/ERZ501056/contig.fa.gz	ftp.sra.ebi.ac.uk/vol1/analysis/ERZ501/ERZ501056/SRR1950760.fasta.gz	SRR1950760	WGS	200	206332600	PRJNA277905	SAMN03398574	Metagenome or environmental	90032576	GENOME INSTITRUTE OF SINGAPORE	not applicable	public	sra,run.zq,fastq	s3,gs,ncbi	s3.us-east-1,gs.us-east1,ncbi.public	SRX977009	uncalculated	uncalculated	not applicable	Illumina HiSeq 2000	not applicable	not applicable	WBE029	PAIRED	RANDOM	METAGENOMIC	human skin metagenome	ILLUMINA	not applicable	not applicable	2016-03-26T00:00:00Z	2015-04-02T09:48:00Z	1	not applicable	not applicable	not applicable	WBE029	WBE029	SRP056821
ERZ501057	root:Host-associated:Human:Skin	metaspades	3.11.1	82967	57	112	5357	5468	8766103	203103	ERZ501057	SAMN03398509	PRJEB25958	human skin metagenome 84	539655	human skin metagenome	ftp.sra.ebi.ac.uk/vol1/sequence/ERZ501/ERZ501057/contig.fa.gz	ftp.sra.ebi.ac.uk/vol1/analysis/ERZ501/ERZ501057/SRR1950695.fasta.gz	SRR1950695	WGS	200	2617901800	PRJNA277905	SAMN03398509	Metagenome or environmental	1186020904	GENOME INSTITRUTE OF SINGAPORE	not applicable	public	fastq,run.zq,sra	gs,s3,ncbi	s3.us-east-1,gs.us-east1,ncbi.public	SRX976944	uncalculated	uncalculated	not applicable	Illumina HiSeq 2000	not applicable	not applicable	WOS016	PAIRED	RANDOM	METAGENOMIC	human skin metagenome	ILLUMINA	not applicable	not applicable	2016-03-26T00:00:00Z	2015-04-02T09:55:00Z	1	not applicable	not applicable	not applicable	WOS016	WOS016	SRP056821
ERZ501058	root:Host-associated:Human:Skin	metaspades	3.11.1	68667	56	767	16315	17081	26856410	606836	ERZ501058	SAMN03398523	PRJEB25958	human skin metagenome 85	539655	human skin metagenome	ftp.sra.ebi.ac.uk/vol1/sequence/ERZ501/ERZ501058/contig.fa.gz	ftp.sra.ebi.ac.uk/vol1/analysis/ERZ501/ERZ501058/SRR1950709.fasta.gz	SRR1950709	WGS	200	1407170800	PRJNA277905	SAMN03398523	Metagenome or environmental	624700134	GENOME INSTITRUTE OF SINGAPORE	not applicable	public	run.zq,sra,fastq	gs,s3,ncbi	s3.us-east-1,ncbi.public,gs.us-east1	SRX976958	uncalculated	uncalculated	not applicable	Illumina HiSeq 2000	not applicable	not applicable	WOS015	PAIRED	RANDOM	METAGENOMIC	human skin metagenome	ILLUMINA	not applicable	not applicable	2016-03-26T00:00:00Z	2015-04-02T09:52:00Z	1	not applicable	not applicable	not applicable	WOS015	WOS015	SRP056821
ERZ501059	root:Host-associated:Human:Skin	metaspades	3.11.1	267645	128	23472	51910	75381	58953639	329760	ERZ501059	SAMN03398555	PRJEB25958	human skin metagenome 86	539655	human skin metagenome	ftp.sra.ebi.ac.uk/vol1/sequence/ERZ501/ERZ501059/contig.fa.gz	ftp.sra.ebi.ac.uk/vol1/analysis/ERZ501/ERZ501059/SRR1950741.fasta.gz	SRR1950741	WGS	200	3241762800	PRJNA277905	SAMN03398555	Metagenome or environmental	1352943261	GENOME INSTITRUTE OF SINGAPORE	not applicable	public	fastq,sra,run.zq	ncbi,s3,gs	ncbi.public,s3.us-east-1,gs.us-east1	SRX976990	uncalculated	uncalculated	not applicable	Illumina HiSeq 2000	not applicable	not applicable	WBU019	PAIRED	RANDOM	METAGENOMIC	human skin metagenome	ILLUMINA	not applicable	not applicable	2016-03-26T00:00:00Z	2015-04-02T09:53:00Z	1	not applicable	not applicable	not applicable	WBU019	WBU019	SRP056821
ERZ501060	root:Host-associated:Human:Skin	metaspades	3.11.1	237208	144	36247	86516	122762	100435491	73196	ERZ501060	SAMN03398556	PRJEB25958	human skin metagenome 87	539655	human skin metagenome	ftp.sra.ebi.ac.uk/vol1/sequence/ERZ501/ERZ501060/contig.fa.gz	ftp.sra.ebi.ac.uk/vol1/analysis/ERZ501/ERZ501060/SRR1950742.fasta.gz	SRR1950742	WGS	200	3908412000	PRJNA277905	SAMN03398556	Metagenome or environmental	1628491068	GENOME INSTITRUTE OF SINGAPORE	not applicable	public	sra,run.zq,fastq	s3,ncbi,gs	gs.us-east1,ncbi.public,s3.us-east-1	SRX976991	uncalculated	uncalculated	not applicable	Illumina HiSeq 2000	not applicable	not applicable	WBU020	PAIRED	RANDOM	METAGENOMIC	human skin metagenome	ILLUMINA	not applicable	not applicable	2016-03-26T00:00:00Z	2015-04-02T09:53:00Z	1	not applicable	not applicable	not applicable	WBU020	WBU020	SRP056821
ERZ501061	root:Host-associated:Human:Skin	metaspades	3.11.1	67800	42	862	14585	15446	34131305	494636	ERZ501061	SAMN03398515	PRJEB25958	human skin metagenome 88	539655	human skin metagenome	ftp.sra.ebi.ac.uk/vol1/sequence/ERZ501/ERZ501061/contig.fa.gz	ftp.sra.ebi.ac.uk/vol1/analysis/ERZ501/ERZ501061/SRR1950701.fasta.gz	SRR1950701	WGS	200	1209436200	PRJNA277905	SAMN03398515	Metagenome or environmental	543056996	GENOME INSTITRUTE OF SINGAPORE	not applicable	public	run.zq,fastq,sra	gs,s3,ncbi	ncbi.public,s3.us-east-1,gs.us-east1	SRX976950	uncalculated	uncalculated	not applicable	Illumina HiSeq 2000	not applicable	not applicable	WOS012	PAIRED	RANDOM	METAGENOMIC	human skin metagenome	ILLUMINA	not applicable	not applicable	2016-03-26T00:00:00Z	2015-04-02T09:54:00Z	1	not applicable	not applicable	not applicable	WOS012	WOS012	SRP056821
ERZ501062	root:Host-associated:Human:Skin	metaspades	3.11.1	73686	46	146	3949	4094	6973036	791887	ERZ501062	SAMN03398583	PRJEB25958	human skin metagenome 89	539655	human skin metagenome	ftp.sra.ebi.ac.uk/vol1/sequence/ERZ501/ERZ501062/contig.fa.gz	ftp.sra.ebi.ac.uk/vol1/analysis/ERZ501/ERZ501062/SRR1950769.fasta.gz	SRR1950769	WGS	200	1337752400	PRJNA277905	SAMN03398583	Metagenome or environmental	570891796	GENOME INSTITRUTE OF SINGAPORE	not applicable	public	run.zq,sra,fastq	ncbi,s3,gs	gs.us-east1,s3.us-east-1,ncbi.public	SRX977018	uncalculated	uncalculated	not applicable	Illumina HiSeq 2000	not applicable	not applicable	WBE038	PAIRED	RANDOM	METAGENOMIC	human skin metagenome	ILLUMINA	not applicable	not applicable	2016-03-26T00:00:00Z	2015-04-02T09:49:00Z	1	not applicable	not applicable	not applicable	WBE038	WBE038	SRP056821
ERZ501063	root:Host-associated:Human:Skin	metaspades	3.11.1	91583	71	2611	11190	13800	14638209	597748	ERZ501063	SAMN03398562	PRJEB25958	human skin metagenome 90	539655	human skin metagenome	ftp.sra.ebi.ac.uk/vol1/sequence/ERZ501/ERZ501063/contig.fa.gz	ftp.sra.ebi.ac.uk/vol1/analysis/ERZ501/ERZ501063/SRR1950748.fasta.gz	SRR1950748	WGS	200	2285020800	PRJNA277905	SAMN03398562	Metagenome or environmental	1536868766	GENOME INSTITRUTE OF SINGAPORE	not applicable	public	sra,run.zq,fastq	gs,ncbi,s3	ncbi.public,gs.us-east1,s3.us-east-1	SRX976997	uncalculated	uncalculated	not applicable	Illumina HiSeq 2000	not applicable	not applicable	WBE012	PAIRED	RANDOM	METAGENOMIC	human skin metagenome	ILLUMINA	not applicable	not applicable	2016-03-26T00:00:00Z	2015-04-02T09:52:00Z	1	not applicable	not applicable	not applicable	WBE012	WBE012	SRP056821
ERZ501064	root:Host-associated:Human:Skin	metaspades	3.11.1	134752	63	3704	23560	27263	37952304	91975	ERZ501064	SAMN03398529	PRJEB25958	human skin metagenome 91	539655	human skin metagenome	ftp.sra.ebi.ac.uk/vol1/sequence/ERZ501/ERZ501064/contig.fa.gz	ftp.sra.ebi.ac.uk/vol1/analysis/ERZ501/ERZ501064/SRR1950715.fasta.gz	SRR1950715	WGS	200	1784900200	PRJNA277905	SAMN03398529	Metagenome or environmental	1225100943	GENOME INSTITRUTE OF SINGAPORE	not applicable	public	fastq,sra,run.zq	gs,s3,ncbi	s3.us-east-1,ncbi.public,gs.us-east1	SRX976964	uncalculated	uncalculated	not applicable	Illumina HiSeq 2000	not applicable	not applicable	WBE007	PAIRED	RANDOM	METAGENOMIC	human skin metagenome	ILLUMINA	not applicable	not applicable	2016-03-26T00:00:00Z	2015-04-02T09:53:00Z	1	not applicable	not applicable	not applicable	WBE007	WBE007	SRP056821
ERZ501065	root:Host-associated:Human:Skin	metaspades	3.11.1	63973	50	990	8809	9798	15536035	697012	ERZ501065	SAMN03398569	PRJEB25958	human skin metagenome 92	539655	human skin metagenome	ftp.sra.ebi.ac.uk/vol1/sequence/ERZ501/ERZ501065/contig.fa.gz	ftp.sra.ebi.ac.uk/vol1/analysis/ERZ501/ERZ501065/SRR1950755.fasta.gz	SRR1950755	WGS	200	1568501200	PRJNA277905	SAMN03398569	Metagenome or environmental	673770587	GENOME INSTITRUTE OF SINGAPORE	not applicable	public	sra,run.zq,fastq	ncbi,gs,s3	s3.us-east-1,ncbi.public,gs.us-east1	SRX977004	uncalculated	uncalculated	not applicable	Illumina HiSeq 2000	not applicable	not applicable	WBE023	PAIRED	RANDOM	METAGENOMIC	human skin metagenome	ILLUMINA	not applicable	not applicable	2016-03-26T00:00:00Z	2015-04-02T09:52:00Z	1	not applicable	not applicable	not applicable	WBE023	WBE023	SRP056821
ERZ501066	root:Host-associated:Human:Skin	metaspades	3.11.1	93023	48	54	4969	5022	8138680	514196	ERZ501066	SAMN03398591	PRJEB25958	human skin metagenome 93	539655	human skin metagenome	ftp.sra.ebi.ac.uk/vol1/sequence/ERZ501/ERZ501066/contig.fa.gz	ftp.sra.ebi.ac.uk/vol1/analysis/ERZ501/ERZ501066/SRR1950777.fasta.gz	SRR1950777	WGS	200	1162122600	PRJNA277905	SAMN03398591	Metagenome or environmental	498618566	GENOME INSTITRUTE OF SINGAPORE	not applicable	public	fastq,run.zq,sra	ncbi,s3,gs	ncbi.public,gs.us-east1,s3.us-east-1	SRX977026	uncalculated	uncalculated	not applicable	Illumina HiSeq 2000	not applicable	not applicable	WBE048	PAIRED	RANDOM	METAGENOMIC	human skin metagenome	ILLUMINA	not applicable	not applicable	2016-03-26T00:00:00Z	2015-04-02T09:48:00Z	1	not applicable	not applicable	not applicable	WBE048	WBE048	SRP056821
ERZ501067	root:Host-associated:Human:Skin	metaspades	3.11.1	97406	77	2768	10053	12820	12170345	185520	ERZ501067	SAMN03398527	PRJEB25958	human skin metagenome 94	539655	human skin metagenome	ftp.sra.ebi.ac.uk/vol1/sequence/ERZ501/ERZ501067/contig.fa.gz	ftp.sra.ebi.ac.uk/vol1/analysis/ERZ501/ERZ501067/SRR1950713.fasta.gz	SRR1950713	WGS	200	1709290200	PRJNA277905	SAMN03398527	Metagenome or environmental	1155916537	GENOME INSTITRUTE OF SINGAPORE	not applicable	public	sra,fastq,run.zq	s3,gs,ncbi	gs.us-east1,s3.us-east-1,ncbi.public	SRX976962	uncalculated	uncalculated	not applicable	Illumina HiSeq 2000	not applicable	not applicable	WBE005	PAIRED	RANDOM	METAGENOMIC	human skin metagenome	ILLUMINA	not applicable	not applicable	2016-03-26T00:00:00Z	2015-04-02T09:53:00Z	1	not applicable	not applicable	not applicable	WBE005	WBE005	SRP056821
