user_genome	classification	closest_genome_reference	closest_genome_reference_radius	closest_genome_taxonomy	closest_genome_ani	closest_genome_af	closest_placement_reference	closest_placement_radius	closest_placement_taxonomy	closest_placement_ani	closest_placement_af	pplacer_taxonomy	classification_method	note	other_related_references(genome_id,species_name,radius,ANI,AF)	msa_percent	translation_table	red_value	warnings
SRR22878281_fastq_bin_1030637_fasta	d__Bacteria;p__Actinomycetota;c__Acidimicrobiia;o__Acidimicrobiales;f__SZUA-35;g__CALEWY01;s__	N/A	N/A	N/A	N/A	N/A	N/A	N/A	N/A	N/A	N/A	d__Bacteria;p__Actinomycetota;c__Acidimicrobiia;o__Acidimicrobiales;f__SZUA-35;g__CALEWY01;s__	taxonomic classification fully defined by topology	classification based on placement in class-level tree	N/A	92.31	11	0.98824	N/A
SRR22878281_fastq_bin_1047037_fasta	d__Bacteria;p__Pseudomonadota;c__Alphaproteobacteria;o__Rhodobacterales;f__Rhodobacteraceae;g__Pseudophaeobacter;s__	N/A	N/A	N/A	N/A	N/A	N/A	N/A	N/A	N/A	N/A	d__Bacteria;p__Pseudomonadota;c__Alphaproteobacteria;o__Rhodobacterales;f__Rhodobacteraceae;g__Pseudophaeobacter;s__	taxonomic classification defined by topology and ANI	classification based on placement in class-level tree	GCF_000473205.1, s__Pseudophaeobacter arcticus, 95.0, 84.77, 0.368; GCA_025163595.1, s__Pseudophaeobacter sp905479575, 95.0, 84.65, 0.368; GCF_900313025.1, s__Pseudophaeobacter sp900313025, 95.0, 84.58, 0.372; GCF_001294455.1, s__Pseudophaeobacter sp001294455, 95.0, 83.77, 0.331; GCF_000152965.1, s__Pseudophaeobacter sp000152965, 95.0, 83.31, 0.271; GCF_001457775.1, s__Pseudophaeobacter sp001457775, 95.0, 82.51, 0.211; GCF_029697505.1, s__Pseudophaeobacter sp029697505, 95.0, 82.31, 0.226; GCA_015665415.1, s__Pseudophaeobacter sp015665415, 95.0, 82.29, 0.21; GCF_002087335.1, s__Pseudophaeobacter leonis, 95.0, 82.25, 0.216; GCF_021228235.1, s__Pseudophaeobacter flagellatus, 95.0, 82.21, 0.231; GCA_913054455.1, s__Pseudophaeobacter sp913054455, 95.0, 82.14, 0.212	81.03	11	0.99619	N/A
SRR22878281_fastq_bin_1048668_fasta	d__Bacteria;p__Pseudomonadota;c__Gammaproteobacteria;o__Arenicellales;f__Arenicellaceae;g__Arenicella;s__	N/A	N/A	N/A	N/A	N/A	N/A	N/A	N/A	N/A	N/A	d__Bacteria;p__Pseudomonadota;c__Gammaproteobacteria;o__Arenicellales;f__Arenicellaceae;g__Arenicella;s__	taxonomic classification fully defined by topology	classification based on placement in class-level tree	N/A	98.47	11	0.94688	N/A
SRR22878281_fastq_bin_1065179_fasta	d__Bacteria;p__Verrucomicrobiota;c__Verrucomicrobiae;o__Verrucomicrobiales;f__DEV007;g__JAUIGD01;s__	N/A	N/A	N/A	N/A	N/A	N/A	N/A	N/A	N/A	N/A	d__Bacteria;p__Verrucomicrobiota;c__Verrucomicrobiae;o__Verrucomicrobiales;f__DEV007;g__JAUIGD01;s__	taxonomic novelty determined using RED	classification based on placement in class-level tree	N/A	82.2	11	0.87982	N/A
SRR22878281_fastq_bin_1069559_fasta	d__Bacteria;p__Actinomycetota;c__Acidimicrobiia;o__Acidimicrobiales;f__SHLQ01;g__SHLQ01;s__	N/A	N/A	N/A	N/A	N/A	N/A	N/A	N/A	N/A	N/A	d__Bacteria;p__Actinomycetota;c__Acidimicrobiia;o__Acidimicrobiales;f__SHLQ01;g__SHLQ01;s__	taxonomic classification fully defined by topology	classification based on placement in class-level tree	N/A	90.72	11	0.97178	N/A
SRR22878281_fastq_bin_1070024_fasta	d__Bacteria;p__Actinomycetota;c__Acidimicrobiia;o__Acidimicrobiales;f__UBA10347;g__UBA10347;s__	N/A	N/A	N/A	N/A	N/A	N/A	N/A	N/A	N/A	N/A	d__Bacteria;p__Actinomycetota;c__Acidimicrobiia;o__Acidimicrobiales;f__UBA10347;g__UBA10347;s__	taxonomic classification fully defined by topology	classification based on placement in class-level tree	N/A	89.08	11	0.9548	N/A
SRR22878281_fastq_bin_1078928_fasta	d__Bacteria;p__Cyanobacteriota;c__Cyanobacteriia;o__Cyanobacteriales;f__Xenococcaceae;g__Waterburya;s__	N/A	N/A	N/A	N/A	N/A	N/A	N/A	N/A	N/A	N/A	d__Bacteria;p__Cyanobacteriota;c__Cyanobacteriia;o__Cyanobacteriales;f__Xenococcaceae;g__Waterburya;s__	taxonomic classification fully defined by topology	classification based on placement in class-level tree	N/A	76.37	11	0.96733	N/A
SRR22878281_fastq_bin_1177133_fasta	d__Bacteria;p__Actinomycetota;c__Acidimicrobiia;o__Acidimicrobiales;f__SHLQ01;g__SHLQ01;s__	N/A	N/A	N/A	N/A	N/A	N/A	N/A	N/A	N/A	N/A	d__Bacteria;p__Actinomycetota;c__Acidimicrobiia;o__Acidimicrobiales;f__SHLQ01;g__SHLQ01;s__	taxonomic classification fully defined by topology	classification based on placement in class-level tree	N/A	87.73	11	0.92954	N/A
SRR22878281_fastq_bin_1190068_fasta	d__Bacteria;p__Pseudomonadota;c__Alphaproteobacteria;o__Sphingomonadales;f__Sphingomonadaceae;g__Erythrobacter;s__	N/A	N/A	N/A	N/A	N/A	N/A	N/A	N/A	N/A	N/A	d__Bacteria;p__Pseudomonadota;c__Alphaproteobacteria;o__Sphingomonadales;f__Sphingomonadaceae;g__Erythrobacter;s__	taxonomic classification fully defined by topology	classification based on placement in class-level tree	N/A	72.61	11	0.99476	N/A
SRR22878281_fastq_bin_1223417_fasta	d__Bacteria;p__Acidobacteriota;c__Blastocatellia;o__Pyrinomonadales;f__Pyrinomonadaceae;g__Aridibacter;s__	N/A	N/A	N/A	N/A	N/A	N/A	N/A	N/A	N/A	N/A	d__Bacteria;p__Acidobacteriota;c__Blastocatellia;o__Pyrinomonadales;f__Pyrinomonadaceae;g__Aridibacter;s__	taxonomic classification fully defined by topology	classification based on placement in class-level tree	N/A	67.33	11	0.95238	N/A
SRR22878281_fastq_bin_1272423_fasta	d__Bacteria;p__Myxococcota_A;c__UBA9160;o__UBA9160;f__UBA4427;g__UBA4427;s__	N/A	N/A	N/A	N/A	N/A	N/A	N/A	N/A	N/A	N/A	d__Bacteria;p__Myxococcota_A;c__UBA9160;o__UBA9160;f__UBA4427;g__UBA4427;s__	taxonomic classification fully defined by topology	classification based on placement in class-level tree	N/A	83.95	11	0.92627	N/A
SRR22878281_fastq_bin_1299134_fasta	d__Bacteria;p__Planctomycetota;c__Planctomycetia;o__Pirellulales;f__Pirellulaceae;g__;s__	N/A	N/A	N/A	N/A	N/A	N/A	N/A	N/A	N/A	N/A	d__Bacteria;p__Planctomycetota;c__Planctomycetia;o__Pirellulales;f__Pirellulaceae;g__;s__	taxonomic novelty determined using RED	classification based on placement in class-level tree	N/A	66.69	11	0.83689	N/A
SRR22878281_fastq_bin_1315445_fasta	d__Bacteria;p__Bacteroidota;c__Bacteroidia;o__Flavobacteriales;f__Flavobacteriaceae;g__Olleya;s__Olleya sediminilitoris	GCF_016785945.1	95.0	d__Bacteria;p__Bacteroidota;c__Bacteroidia;o__Flavobacteriales;f__Flavobacteriaceae;g__Olleya;s__Olleya sediminilitoris	98.63	0.942	GCF_016785945.1	95.0	d__Bacteria;p__Bacteroidota;c__Bacteroidia;o__Flavobacteriales;f__Flavobacteriaceae;g__Olleya;s__Olleya sediminilitoris	98.63	0.942	d__Bacteria;p__Bacteroidota;c__Bacteroidia;o__Flavobacteriales;f__Flavobacteriaceae;g__Olleya;s__	taxonomic classification defined by topology and ANI	topological placement and ANI have congruent species assignments	GCF_007827365.1, s__Olleya sp002323495, 95.0, 82.93, 0.327; GCF_000518485.1, s__Olleya marilimosa, 95.0, 82.77, 0.328; GCF_900114005.1, s__Olleya namhaensis, 95.0, 81.6, 0.291; GCF_002831645.1, s__Olleya sp002831645, 95.0, 81.11, 0.247; GCF_004843725.1, s__Olleya sp004843725, 95.0, 80.9, 0.261; GCA_947503885.1, s__Olleya sp947503885, 95.0, 80.85, 0.235; GCF_003259525.1, s__Olleya aquimaris, 95.0, 79.62, 0.168	85.38	11	N/A	N/A
SRR22878281_fastq_bin_1318659_fasta	d__Bacteria;p__Pseudomonadota;c__Alphaproteobacteria;o__Rhizobiales;f__Hyphomicrobiaceae;g__CAJQQK01;s__	N/A	N/A	N/A	N/A	N/A	N/A	N/A	N/A	N/A	N/A	d__Bacteria;p__Pseudomonadota;c__Alphaproteobacteria;o__Rhizobiales;f__Hyphomicrobiaceae;g__CAJQQK01;s__	taxonomic novelty determined using RED	classification based on placement in class-level tree	N/A	96.05	11	0.94808	N/A
SRR22878281_fastq_bin_1327645_fasta	d__Bacteria;p__Pseudomonadota;c__Alphaproteobacteria;o__Geminicoccales;f__Geminicoccaceae;g__JANQPX01;s__	N/A	N/A	N/A	N/A	N/A	N/A	N/A	N/A	N/A	N/A	d__Bacteria;p__Pseudomonadota;c__Alphaproteobacteria;o__Geminicoccales;f__Geminicoccaceae;g__JANQPX01;s__	taxonomic novelty determined using RED	classification based on placement in class-level tree	N/A	73.31	11	0.94362	N/A
SRR22878281_fastq_bin_1330403_fasta	d__Bacteria;p__Pseudomonadota;c__Gammaproteobacteria;o__Arenicellales;f__Arenicellaceae;g__Arenicella;s__	N/A	N/A	N/A	N/A	N/A	N/A	N/A	N/A	N/A	N/A	d__Bacteria;p__Pseudomonadota;c__Gammaproteobacteria;o__Arenicellales;f__Arenicellaceae;g__Arenicella;s__	taxonomic classification fully defined by topology	classification based on placement in class-level tree	N/A	97.62	11	0.93509	N/A
SRR22878281_fastq_bin_1348881_fasta	d__Bacteria;p__Bacteroidota;c__Bacteroidia;o__Flavobacteriales;f__Flavobacteriaceae;g__Dokdonia;s__Dokdonia sp000355805	GCF_000355805.1	95.0	d__Bacteria;p__Bacteroidota;c__Bacteroidia;o__Flavobacteriales;f__Flavobacteriaceae;g__Dokdonia;s__Dokdonia sp000355805	97.79	0.732	GCF_000355805.1	95.0	d__Bacteria;p__Bacteroidota;c__Bacteroidia;o__Flavobacteriales;f__Flavobacteriaceae;g__Dokdonia;s__Dokdonia sp000355805	97.79	0.732	d__Bacteria;p__Bacteroidota;c__Bacteroidia;o__Flavobacteriales;f__Flavobacteriaceae;g__Dokdonia;s__	taxonomic classification defined by topology and ANI	topological placement and ANI have congruent species assignments	GCA_913060645.1, s__Dokdonia sp913060645, 95.0, 90.95, 0.588; GCF_000212355.1, s__Dokdonia sp000212355, 95.0, 90.62, 0.599; GCF_003095655.1, s__Dokdonia sp003095655, 95.0, 90.38, 0.596; GCA_020628615.1, s__Dokdonia sp020628615, 95.0, 85.22, 0.166; GCF_947496725.1, s__Dokdonia sp947496725, 95.0, 84.69, 0.159	65.72	11	N/A	N/A
SRR22878281_fastq_bin_1355362_fasta	d__Bacteria;p__Bacteroidota;c__Bacteroidia;o__Flavobacteriales;f__Flavobacteriaceae;g__Maribacter_B;s__Maribacter_B vaceletii	GCF_003634105.1	95.0	d__Bacteria;p__Bacteroidota;c__Bacteroidia;o__Flavobacteriales;f__Flavobacteriaceae;g__Maribacter_B;s__Maribacter_B vaceletii	96.4	0.833	GCF_003634105.1	95.0	d__Bacteria;p__Bacteroidota;c__Bacteroidia;o__Flavobacteriales;f__Flavobacteriaceae;g__Maribacter_B;s__Maribacter_B vaceletii	96.4	0.833	d__Bacteria;p__Bacteroidota;c__Bacteroidia;o__Flavobacteriales;f__Flavobacteriaceae;g__Maribacter_B;s__	taxonomic classification defined by topology and ANI	topological placement and ANI have congruent species assignments	GCF_947500405.1, s__Maribacter_B sp947500405, 95.0, 90.99, 0.651; GCF_947495965.1, s__Maribacter_B sp947495965, 95.0, 89.86, 0.684; GCA_947504045.1, s__Maribacter_B sp947504045, 95.0, 84.58, 0.343; GCF_947496775.1, s__Maribacter_B sp947496775, 95.0, 82.66, 0.165	47.83	11	N/A	N/A
SRR22878281_fastq_bin_1360208_fasta	d__Bacteria;p__Pseudomonadota;c__Alphaproteobacteria;o__Caulobacterales;f__Maricaulaceae;g__Hellea;s__	N/A	N/A	N/A	N/A	N/A	N/A	N/A	N/A	N/A	N/A	d__Bacteria;p__Pseudomonadota;c__Alphaproteobacteria;o__Caulobacterales;f__Maricaulaceae;g__Hellea;s__	taxonomic classification fully defined by topology	classification based on placement in class-level tree	N/A	57.89	11	0.97517	N/A
SRR22878281_fastq_bin_1380972_fasta	d__Bacteria;p__Verrucomicrobiota;c__Verrucomicrobiae;o__Verrucomicrobiales;f__DEV007;g__;s__	N/A	N/A	N/A	N/A	N/A	N/A	N/A	N/A	N/A	N/A	d__Bacteria;p__Verrucomicrobiota;c__Verrucomicrobiae;o__Verrucomicrobiales;f__DEV007;g__;s__	taxonomic classification fully defined by topology	classification based on placement in class-level tree	N/A	73.94	11	0.80433	N/A
SRR22878281_fastq_bin_1406449_fasta	d__Bacteria;p__Myxococcota_A;c__UBA9160;o__UBA9160;f__SMWR01;g__CALDCK01;s__	N/A	N/A	N/A	N/A	N/A	N/A	N/A	N/A	N/A	N/A	d__Bacteria;p__Myxococcota_A;c__UBA9160;o__UBA9160;f__SMWR01;g__CALDCK01;s__	taxonomic novelty determined using RED	classification based on placement in class-level tree	N/A	91.54	11	0.8985	N/A
SRR22878281_fastq_bin_1415033_fasta	d__Bacteria;p__Pseudomonadota;c__Alphaproteobacteria;o__Sphingomonadales;f__Sphingomonadaceae;g__Sphingorhabdus_B;s__	N/A	N/A	N/A	N/A	N/A	N/A	N/A	N/A	N/A	N/A	d__Bacteria;p__Pseudomonadota;c__Alphaproteobacteria;o__Sphingomonadales;f__Sphingomonadaceae;g__Sphingorhabdus_B;s__	taxonomic classification fully defined by topology	classification based on placement in class-level tree	N/A	77.0	11	0.96201	N/A
SRR22878281_fastq_bin_1437311_fasta	d__Bacteria;p__Pseudomonadota;c__Gammaproteobacteria;o__Granulosicoccales;f__Granulosicoccaceae;g__CALFCE01;s__	N/A	N/A	N/A	N/A	N/A	N/A	N/A	N/A	N/A	N/A	d__Bacteria;p__Pseudomonadota;c__Gammaproteobacteria;o__Granulosicoccales;f__Granulosicoccaceae;g__CALFCE01;s__	taxonomic classification fully defined by topology	classification based on placement in class-level tree	N/A	97.4	11	0.97002	N/A
SRR22878281_fastq_bin_1475309_fasta	d__Bacteria;p__Pseudomonadota;c__Gammaproteobacteria;o__Pseudomonadales;f__Moraxellaceae;g__Psychrobacter;s__Psychrobacter sp002377945	GCF_002377945.1	95.0	d__Bacteria;p__Pseudomonadota;c__Gammaproteobacteria;o__Pseudomonadales;f__Moraxellaceae;g__Psychrobacter;s__Psychrobacter sp002377945	96.62	0.896	N/A	N/A	N/A	N/A	N/A	d__Bacteria;p__Pseudomonadota;c__Gammaproteobacteria;o__Pseudomonadales;f__Moraxellaceae;g__Psychrobacter;s__	taxonomic classification defined by topology and ANI	topological placement and ANI have incongruent species assignments	GCF_002377945.1, s__Psychrobacter sp002377945, 95.0, 96.62, 0.896; GCA_913061175.1, s__Psychrobacter sp913061175, 95.0, 94.53, 0.858; GCF_001435845.1, s__Psychrobacter sp001435845, 95.0, 94.51, 0.852; GCF_904846625.1, s__Psychrobacter sp000586415, 95.0, 94.47, 0.851; GCF_014770435.1, s__Psychrobacter sp014770435, 95.0, 94.34, 0.863; GCF_947500265.1, s__Psychrobacter sp947500265, 95.0, 94.27, 0.819; GCF_030407815.1, s__Psychrobacter sp030407815, 95.0, 94.23, 0.85; GCF_022129425.1, s__Psychrobacter sp022129425, 95.0, 93.97, 0.837; GCF_904846365.1, s__Psychrobacter nivimaris_B, 95.0, 93.97, 0.814; GCF_022129405.1, s__Psychrobacter sp022129405, 95.0, 93.97, 0.811; GCF_002863645.1, s__Psychrobacter sp002863645, 95.0, 93.97, 0.811; GCF_009812035.1, s__Psychrobacter nivimaris_A, 95.0, 93.97, 0.805; GCF_002836715.1, s__Psychrobacter sp002836715, 95.0, 93.97, 0.799; GCF_904846645.1, s__Psychrobacter sp904846645, 95.0, 93.96, 0.827; GCF_002836505.1, s__Psychrobacter sp002836505, 95.0, 93.96, 0.818; GCF_904846235.1, s__Psychrobacter immobilis_C, 95.0, 93.9, 0.804; GCF_013414195.1, s__Psychrobacter sp013414195, 95.0, 93.86, 0.805; GCF_002836735.1, s__Psychrobacter sp002836735, 95.0, 93.83, 0.802; GCF_904846705.1, s__Psychrobacter sp904846705, 95.0, 93.82, 0.816; GCF_000586435.1, s__Psychrobacter sp000586435, 95.0, 93.8, 0.826; GCF_003350005.1, s__Psychrobacter proteolyticus_A, 95.0, 93.33, 0.821; GCF_030407455.1, s__Psychrobacter sp030407455, 95.0, 86.55, 0.455; GCF_904846415.1, s__Psychrobacter piscatorii_A, 95.0, 85.31, 0.396; GCF_016106655.1, s__Psychrobacter sp016106655, 95.0, 85.07, 0.39; GCF_022129235.1, s__Psychrobacter sp022129235, 95.0, 84.91, 0.398; GCF_015277735.1, s__Psychrobacter sp015277735, 95.0, 84.89, 0.385; GCF_001444505.1, s__Psychrobacter piscatorii, 96.15, 84.61, 0.371; GCF_900101915.1, s__Psychrobacter pacificensis, 95.0, 84.07, 0.333; GCF_030454045.1, s__Psychrobacter sp030454045, 95.0, 83.39, 0.273; GCF_003217155.1, s__Psychrobacter fozii, 95.0, 83.26, 0.248; GCF_015234355.1, s__Psychrobacter sp015234355, 95.0, 83.23, 0.248; GCF_015864825.1, s__Psychrobacter sp015864825, 95.0, 83.13, 0.244; GCF_904845995.1, s__Psychrobacter fjordensis, 95.0, 82.87, 0.236; GCF_014652895.1, s__Psychrobacter glaciei, 95.0, 82.79, 0.225; GCF_016107525.1, s__Psychrobacter aquimaris, 95.0, 82.06, 0.182; GCF_904846075.1, s__Psychrobacter glacincola_C, 96.5, 81.56, 0.169; GCA_018448495.1, s__Psychrobacter sp018448495, 96.2, 81.56, 0.155; GCF_016107535.1, s__Psychrobacter cibarius, 96.3, 81.52, 0.153; GCF_904846615.1, s__Psychrobacter sp000586455, 96.5, 81.41, 0.178; GCA_904846265.1, s__Psychrobacter immobilis_A, 96.36, 81.4, 0.168; GCF_001435295.1, s__Psychrobacter sp001435295, 95.0, 81.38, 0.174; GCF_904846185.1, s__Psychrobacter immobilis_B, 96.22, 81.34, 0.167; GCF_003148585.1, s__Psychrobacter immobilis, 96.37, 81.34, 0.165; GCA_030686115.1, s__Psychrobacter cibarius_C, 96.46, 81.3, 0.177; GCF_016107545.1, s__Psychrobacter namhaensis, 95.0, 81.22, 0.166; GCF_904846065.1, s__Psychrobacter immobilis_H, 96.12, 81.21, 0.172; GCA_900016235.2, s__Psychrobacter cibarius_A, 96.32, 81.19, 0.165; GCF_000586475.1, s__Psychrobacter sp000586475, 96.28, 81.17, 0.169; GCF_014897815.1, s__Psychrobacter sp003530515, 96.05, 81.08, 0.157; GCF_904845955.1, s__Psychrobacter cibarius_B, 96.31, 81.07, 0.161; GCF_904846525.1, s__Psychrobacter sp904846525, 96.47, 80.89, 0.158	97.12	11	N/A	N/A
SRR22878281_fastq_bin_1479957_fasta	d__Bacteria;p__Pseudomonadota;c__Gammaproteobacteria;o__Granulosicoccales;f__Granulosicoccaceae;g__Granulosicoccus;s__	N/A	N/A	N/A	N/A	N/A	N/A	N/A	N/A	N/A	N/A	d__Bacteria;p__Pseudomonadota;c__Gammaproteobacteria;o__Granulosicoccales;f__Granulosicoccaceae;g__Granulosicoccus;s__	taxonomic classification fully defined by topology	classification based on placement in class-level tree	N/A	92.19	11	0.9642	N/A
SRR22878281_fastq_bin_1483024_fasta	d__Bacteria;p__Pseudomonadota;c__Gammaproteobacteria;o__Granulosicoccales;f__Granulosicoccaceae;g__CAKZUP01;s__	N/A	N/A	N/A	N/A	N/A	N/A	N/A	N/A	N/A	N/A	d__Bacteria;p__Pseudomonadota;c__Gammaproteobacteria;o__Granulosicoccales;f__Granulosicoccaceae;g__CAKZUP01;s__	taxonomic classification fully defined by topology	classification based on placement in class-level tree	N/A	72.45	11	0.98655	N/A
SRR22878281_fastq_bin_1505020_fasta	d__Bacteria;p__Myxococcota_A;c__UBA9160;o__UBA9160;f__SMWR01;g__CALDCK01;s__	N/A	N/A	N/A	N/A	N/A	N/A	N/A	N/A	N/A	N/A	d__Bacteria;p__Myxococcota_A;c__UBA9160;o__UBA9160;f__SMWR01;g__CALDCK01;s__	taxonomic novelty determined using RED	classification based on placement in class-level tree	N/A	96.09	11	0.89768	N/A
SRR22878281_fastq_bin_1506086_fasta	d__Bacteria;p__Pseudomonadota;c__Alphaproteobacteria;o__Rhizobiales;f__CALHAX01;g__CALHAX01;s__	N/A	N/A	N/A	N/A	N/A	N/A	N/A	N/A	N/A	N/A	d__Bacteria;p__Pseudomonadota;c__Alphaproteobacteria;o__Rhizobiales;f__CALHAX01;g__CALHAX01;s__	taxonomic novelty determined using RED	classification based on placement in class-level tree	N/A	78.05	11	0.96679	N/A
SRR22878281_fastq_bin_1524409_fasta	d__Bacteria;p__Bacteroidota;c__Bacteroidia;o__Flavobacteriales;f__Flavobacteriaceae;g__Maribacter_C;s__	N/A	N/A	N/A	N/A	N/A	N/A	N/A	N/A	N/A	N/A	d__Bacteria;p__Bacteroidota;c__Bacteroidia;o__Flavobacteriales;f__Flavobacteriaceae;g__Maribacter_C;s__	taxonomic classification fully defined by topology	classification based on placement in class-level tree	N/A	89.85	11	0.97589	N/A
SRR22878281_fastq_bin_1532639_fasta	d__Bacteria;p__Pseudomonadota;c__Alphaproteobacteria;o__Caulobacterales;f__Maricaulaceae;g__Hellea;s__Hellea sp020629875	GCA_020629875.1	95.0	d__Bacteria;p__Pseudomonadota;c__Alphaproteobacteria;o__Caulobacterales;f__Maricaulaceae;g__Hellea;s__Hellea sp020629875	97.79	0.687	GCA_020629875.1	95.0	d__Bacteria;p__Pseudomonadota;c__Alphaproteobacteria;o__Caulobacterales;f__Maricaulaceae;g__Hellea;s__Hellea sp020629875	97.79	0.687	d__Bacteria;p__Pseudomonadota;c__Alphaproteobacteria;o__Caulobacterales;f__Maricaulaceae;g__Hellea;s__	taxonomic classification defined by topology and ANI	topological placement and ANI have congruent species assignments	N/A	55.01	11	N/A	N/A
SRR22878281_fastq_bin_1633526_fasta	d__Bacteria;p__Pseudomonadota;c__Alphaproteobacteria;o__Caulobacterales;f__Maricaulaceae;g__JACOMS01;s__	N/A	N/A	N/A	N/A	N/A	N/A	N/A	N/A	N/A	N/A	d__Bacteria;p__Pseudomonadota;c__Alphaproteobacteria;o__Caulobacterales;f__Maricaulaceae;g__JACOMS01;s__	taxonomic classification fully defined by topology	classification based on placement in class-level tree	N/A	84.23	11	0.98606	N/A
SRR22878281_fastq_bin_1641228_fasta	d__Bacteria;p__Bdellovibrionota;c__UBA2361;o__UBA2361;f__J046;g__;s__	N/A	N/A	N/A	N/A	N/A	N/A	N/A	N/A	N/A	N/A	d__Bacteria;p__Bdellovibrionota;c__UBA2361;o__UBA2361;f__J046;g__;s__	taxonomic novelty determined using RED	classification based on placement in class-level tree	N/A	92.45	11	0.71768	N/A
SRR22878281_fastq_bin_1700770_fasta	d__Bacteria;p__Pseudomonadota;c__Gammaproteobacteria;o__UWMA-0217;f__UWMA-0217;g__CALIRD01;s__	N/A	N/A	N/A	N/A	N/A	N/A	N/A	N/A	N/A	N/A	d__Bacteria;p__Pseudomonadota;c__Gammaproteobacteria;o__UWMA-0217;f__UWMA-0217;g__CALIRD01;s__	taxonomic novelty determined using RED	classification based on placement in class-level tree	N/A	68.3	11	0.94985	N/A
SRR22878281_fastq_bin_1734399_fasta	d__Bacteria;p__Acidobacteriota;c__Blastocatellia;o__Pyrinomonadales;f__Pyrinomonadaceae;g__Aridibacter;s__	N/A	N/A	N/A	N/A	N/A	N/A	N/A	N/A	N/A	N/A	d__Bacteria;p__Acidobacteriota;c__Blastocatellia;o__Pyrinomonadales;f__Pyrinomonadaceae;g__Aridibacter;s__	taxonomic classification fully defined by topology	classification based on placement in class-level tree	N/A	77.34	11	0.92929	N/A
SRR22878281_fastq_bin_1837401_fasta	d__Bacteria;p__Cyanobacteriota;c__Cyanobacteriia;o__Cyanobacteriales;f__Xenococcaceae;g__Waterburya;s__	N/A	N/A	N/A	N/A	N/A	N/A	N/A	N/A	N/A	N/A	d__Bacteria;p__Cyanobacteriota;c__Cyanobacteriia;o__Cyanobacteriales;f__Xenococcaceae;g__Waterburya;s__	taxonomic classification fully defined by topology	classification based on placement in class-level tree	N/A	92.1	11	0.96351	N/A
SRR22878281_fastq_bin_1874621_fasta	d__Bacteria;p__Cyanobacteriota;c__Cyanobacteriia;o__Cyanobacteriales;f__Xenococcaceae;g__Hyella;s__	N/A	N/A	N/A	N/A	N/A	GCA_937996665.1	95.0	d__Bacteria;p__Cyanobacteriota;c__Cyanobacteriia;o__Cyanobacteriales;f__Xenococcaceae;g__Hyella;s__Hyella sp937996665	84.24	0.308	d__Bacteria;p__Cyanobacteriota;c__Cyanobacteriia;o__Cyanobacteriales;f__Xenococcaceae;g__Hyella;s__	taxonomic classification defined by topology and ANI	classification based on placement in class-level tree	N/A	83.83	11	0.99139	N/A
SRR22878281_fastq_bin_1875330_fasta	d__Bacteria;p__Pseudomonadota;c__Gammaproteobacteria;o__Pseudomonadales;f__DSM-21967;g__;s__	N/A	N/A	N/A	N/A	N/A	N/A	N/A	N/A	N/A	N/A	d__Bacteria;p__Pseudomonadota;c__Gammaproteobacteria;o__Pseudomonadales;f__DSM-21967;g__;s__	taxonomic novelty determined using RED	classification based on placement in class-level tree	N/A	83.89	11	0.78095	N/A
SRR22878281_fastq_bin_1885024_fasta	d__Bacteria;p__Pseudomonadota;c__Gammaproteobacteria;o__Enterobacterales;f__Alteromonadaceae;g__Pseudoalteromonas;s__Pseudoalteromonas atlantica	GCA_007988745.1	95.0	d__Bacteria;p__Pseudomonadota;c__Gammaproteobacteria;o__Enterobacterales;f__Alteromonadaceae;g__Pseudoalteromonas;s__Pseudoalteromonas atlantica	98.48	0.887	GCA_007988745.1	95.0	d__Bacteria;p__Pseudomonadota;c__Gammaproteobacteria;o__Enterobacterales;f__Alteromonadaceae;g__Pseudoalteromonas;s__Pseudoalteromonas atlantica	98.48	0.887	d__Bacteria;p__Pseudomonadota;c__Gammaproteobacteria;o__Enterobacterales;f__Alteromonadaceae;g__Pseudoalteromonas;s__	taxonomic classification defined by topology and ANI	topological placement and ANI have congruent species assignments	GCF_030296835.1, s__Pseudoalteromonas sp030296835, 95.0, 93.77, 0.825; GCF_001401805.1, s__Pseudoalteromonas sp001401805, 95.0, 93.01, 0.796; GCF_002221525.1, s__Pseudoalteromonas espejiana, 95.0, 88.49, 0.607; GCF_900239935.1, s__Pseudoalteromonas carrageenovora, 95.0, 86.97, 0.479; GCF_018100985.1, s__Pseudoalteromonas sp018100985, 95.0, 85.73, 0.419; GCF_000238335.3, s__Pseudoalteromonas marina, 95.0, 84.27, 0.277; GCF_008370255.1, s__Pseudoalteromonas sp008370255, 95.0, 83.76, 0.317; GCF_001974875.1, s__Pseudoalteromonas sp001974875, 95.0, 83.71, 0.322; GCF_000814675.1, s__Pseudoalteromonas distincta, 95.0, 83.71, 0.314; GCF_011378855.1, s__Pseudoalteromonas sp011378855, 95.0, 83.47, 0.303; GCF_001468485.1, s__Pseudoalteromonas sp001468485, 95.0, 83.47, 0.272; GCF_000238395.3, s__Pseudoalteromonas arctica, 95.0, 83.45, 0.297; GCF_030408135.1, s__Pseudoalteromonas sp030408135, 95.0, 83.41, 0.29; GCF_000690055.1, s__Pseudoalteromonas fuliginea, 95.0, 82.85, 0.258; GCF_014905615.1, s__Pseudoalteromonas aliena, 95.0, 82.62, 0.221; GCF_000498095.1, s__Pseudoalteromonas sp000498095, 95.0, 82.58, 0.221; GCF_000239855.1, s__Pseudoalteromonas sp000239855, 95.0, 82.51, 0.238; GCF_018402495.1, s__Pseudoalteromonas sp018402495, 95.0, 81.89, 0.167; GCA_028401415.1, s__Pseudoalteromonas sp028401415, 95.0, 81.89, 0.163; GCF_002310835.1, s__Pseudoalteromonas tetraodonis, 95.0, 81.83, 0.17; GCF_001465295.1, s__Pseudoalteromonas translucida, 95.0, 81.77, 0.173; GCF_004328665.1, s__Pseudoalteromonas sp001974855, 95.0, 81.75, 0.177; GCF_000238275.3, s__Pseudoalteromonas undina, 95.0, 81.75, 0.174; GCF_002221505.1, s__Pseudoalteromonas nigrifaciens, 96.17, 81.56, 0.186	81.03	11	N/A	N/A
SRR22878281_fastq_bin_1944003_fasta	d__Bacteria;p__Bacteroidota;c__Bacteroidia;o__Flavobacteriales;f__Flavobacteriaceae;g__CANMSI01;s__	N/A	N/A	N/A	N/A	N/A	GCA_947500575.1	95.0	d__Bacteria;p__Bacteroidota;c__Bacteroidia;o__Flavobacteriales;f__Flavobacteriaceae;g__CANMSI01;s__CANMSI01 sp947500575	90.41	0.781	d__Bacteria;p__Bacteroidota;c__Bacteroidia;o__Flavobacteriales;f__Flavobacteriaceae;g__CANMSI01;s__	taxonomic classification defined by topology and ANI	classification based on placement in class-level tree	N/A	89.08	11	0.99478	Genome not assigned to closest species as it falls outside its pre-defined ANI radius
SRR22878281_fastq_bin_1964116_fasta	d__Bacteria;p__Patescibacteria;c__JAEDAM01;o__BD1-5;f__UBA6164;g__CAJXJP01;s__	N/A	N/A	N/A	N/A	N/A	N/A	N/A	N/A	N/A	N/A	d__Bacteria;p__Patescibacteria;c__JAEDAM01;o__BD1-5;f__UBA6164;g__CAJXJP01;s__	taxonomic novelty determined using RED	classification based on placement in class-level tree	N/A	75.27	4	0.92026	N/A
SRR22878281_fastq_bin_2009255_fasta	d__Bacteria;p__Pseudomonadota;c__Alphaproteobacteria;o__Rhizobiales;f__Hyphomicrobiaceae;g__CAJQQK01;s__	N/A	N/A	N/A	N/A	N/A	N/A	N/A	N/A	N/A	N/A	d__Bacteria;p__Pseudomonadota;c__Alphaproteobacteria;o__Rhizobiales;f__Hyphomicrobiaceae;g__CAJQQK01;s__	taxonomic novelty determined using RED	classification based on placement in class-level tree	N/A	48.78	11	0.96086	N/A
SRR22878281_fastq_bin_2019818_fasta	d__Bacteria;p__Pseudomonadota;c__Alphaproteobacteria;o__Rhodobacterales;f__Rhodobacteraceae;g__Sulfitobacter;s__	N/A	N/A	N/A	N/A	N/A	N/A	N/A	N/A	N/A	N/A	d__Bacteria;p__Pseudomonadota;c__Alphaproteobacteria;o__Rhodobacterales;f__Rhodobacteraceae;g__Sulfitobacter;s__	taxonomic classification fully defined by topology	classification based on placement in class-level tree	N/A	66.38	11	0.98881	N/A
SRR22878281_fastq_bin_2040905_fasta	d__Bacteria;p__Pseudomonadota;c__Gammaproteobacteria;o__Pseudomonadales;f__Azotimanducaceae_A;g__CALHVX01;s__	N/A	N/A	N/A	N/A	N/A	N/A	N/A	N/A	N/A	N/A	d__Bacteria;p__Pseudomonadota;c__Gammaproteobacteria;o__Pseudomonadales;f__Azotimanducaceae_A;g__CALHVX01;s__	taxonomic novelty determined using RED	classification based on placement in class-level tree	N/A	88.26	11	0.97264	N/A
SRR22878281_fastq_bin_2069221_fasta	d__Bacteria;p__Pseudomonadota;c__Alphaproteobacteria;o__Caulobacterales;f__Parvularculaceae;g__;s__	N/A	N/A	N/A	N/A	N/A	N/A	N/A	N/A	N/A	N/A	d__Bacteria;p__Pseudomonadota;c__Alphaproteobacteria;o__Caulobacterales;f__Parvularculaceae;g__;s__	taxonomic novelty determined using RED	classification based on placement in class-level tree	N/A	74.04	11	0.8689	N/A
SRR22878281_fastq_bin_2091047_fasta	d__Bacteria;p__Pseudomonadota;c__Alphaproteobacteria;o__Rhizobiales;f__Rhizobiaceae;g__Lentilitoribacter;s__Lentilitoribacter sp020628775	GCA_020628775.1	95.0	d__Bacteria;p__Pseudomonadota;c__Alphaproteobacteria;o__Rhizobiales;f__Rhizobiaceae;g__Lentilitoribacter;s__Lentilitoribacter sp020628775	97.06	0.822	GCA_020628775.1	95.0	d__Bacteria;p__Pseudomonadota;c__Alphaproteobacteria;o__Rhizobiales;f__Rhizobiaceae;g__Lentilitoribacter;s__Lentilitoribacter sp020628775	97.06	0.822	d__Bacteria;p__Pseudomonadota;c__Alphaproteobacteria;o__Rhizobiales;f__Rhizobiaceae;g__Lentilitoribacter;s__	taxonomic classification defined by topology and ANI	topological placement and ANI have congruent species assignments	GCA_905479965.1, s__Lentilitoribacter sp905479965, 95.0, 84.68, 0.198; GCA_017644105.1, s__Lentilitoribacter sp017644105, 95.0, 84.62, 0.334; GCA_020628035.1, s__Lentilitoribacter sp020628035, 95.0, 83.92, 0.244	64.11	11	N/A	N/A
SRR22878281_fastq_bin_2104421_fasta	d__Bacteria;p__Bacteroidota;c__Bacteroidia;o__Flavobacteriales;f__Flavobacteriaceae;g__Aquimarina;s__	N/A	N/A	N/A	N/A	N/A	N/A	N/A	N/A	N/A	N/A	d__Bacteria;p__Bacteroidota;c__Bacteroidia;o__Flavobacteriales;f__Flavobacteriaceae;g__Aquimarina;s__	taxonomic classification fully defined by topology	classification based on placement in class-level tree	N/A	87.11	11	0.95298	N/A
SRR22878281_fastq_bin_2115589_fasta	d__Bacteria;p__Patescibacteria;c__Saccharimonadia;o__Saccharimonadales;f__CALFBO01;g__;s__	N/A	N/A	N/A	N/A	N/A	N/A	N/A	N/A	N/A	N/A	d__Bacteria;p__Patescibacteria;c__Saccharimonadia;o__Saccharimonadales;f__CALFBO01;g__;s__	taxonomic novelty determined using RED	classification based on placement in class-level tree	N/A	76.19	11	0.70722	N/A
SRR22878281_fastq_bin_2131671_fasta	d__Bacteria;p__Pseudomonadota;c__Alphaproteobacteria;o__Rhodobacterales;f__Rhodobacteraceae;g__CALKXV01;s__	N/A	N/A	N/A	N/A	N/A	N/A	N/A	N/A	N/A	N/A	d__Bacteria;p__Pseudomonadota;c__Alphaproteobacteria;o__Rhodobacterales;f__Rhodobacteraceae;g__CALKXV01;s__	taxonomic classification fully defined by topology	classification based on placement in class-level tree	N/A	80.16	11	0.98571	N/A
SRR22878281_fastq_bin_2147531_fasta	d__Bacteria;p__Pseudomonadota;c__Alphaproteobacteria;o__Sphingomonadales;f__Sphingomonadaceae;g__Parasphingorhabdus;s__	N/A	N/A	N/A	N/A	N/A	N/A	N/A	N/A	N/A	N/A	d__Bacteria;p__Pseudomonadota;c__Alphaproteobacteria;o__Sphingomonadales;f__Sphingomonadaceae;g__Parasphingorhabdus;s__	taxonomic classification fully defined by topology	classification based on placement in class-level tree	N/A	93.37	11	0.9842	N/A
SRR22878281_fastq_bin_2694_fasta	d__Bacteria;p__Bacteroidota;c__Bacteroidia;o__Flavobacteriales;f__Flavobacteriaceae;g__Lacinutrix;s__Lacinutrix sp000211855	GCF_000211855.2	95.0	d__Bacteria;p__Bacteroidota;c__Bacteroidia;o__Flavobacteriales;f__Flavobacteriaceae;g__Lacinutrix;s__Lacinutrix sp000211855	98.97	0.946	GCF_000211855.2	95.0	d__Bacteria;p__Bacteroidota;c__Bacteroidia;o__Flavobacteriales;f__Flavobacteriaceae;g__Lacinutrix;s__Lacinutrix sp000211855	98.97	0.946	d__Bacteria;p__Bacteroidota;c__Bacteroidia;o__Flavobacteriales;f__Flavobacteriaceae;g__Lacinutrix;s__	taxonomic classification defined by topology and ANI	topological placement and ANI have congruent species assignments	GCF_001874145.1, s__Lacinutrix sp001874145, 95.0, 94.51, 0.795; GCF_003663945.1, s__Lacinutrix venerupis, 95.0, 83.03, 0.244	86.43	11	N/A	N/A
SRR22878281_fastq_bin_34384_fasta	d__Bacteria;p__Pseudomonadota;c__Alphaproteobacteria;o__Caulobacterales;f__Maricaulaceae;g__Robiginitomaculum_A;s__	N/A	N/A	N/A	N/A	N/A	N/A	N/A	N/A	N/A	N/A	d__Bacteria;p__Pseudomonadota;c__Alphaproteobacteria;o__Caulobacterales;f__Maricaulaceae;g__Robiginitomaculum_A;s__	taxonomic classification fully defined by topology	classification based on placement in class-level tree	N/A	77.28	11	0.97281	N/A
SRR22878281_fastq_bin_3891_fasta	d__Bacteria;p__Pseudomonadota;c__Gammaproteobacteria;o__UBA4575;f__UBA4575;g__JABDMD01;s__	N/A	N/A	N/A	N/A	N/A	GCA_937922735.1	95.0	d__Bacteria;p__Pseudomonadota;c__Gammaproteobacteria;o__UBA4575;f__UBA4575;g__JABDMD01;s__JABDMD01 sp937922735	80.84	0.234	d__Bacteria;p__Pseudomonadota;c__Gammaproteobacteria;o__UBA4575;f__UBA4575;g__JABDMD01;s__	taxonomic classification defined by topology and ANI	classification based on placement in class-level tree	N/A	90.39	11	0.98399	N/A
SRR22878281_fastq_bin_47153_fasta	d__Bacteria;p__Actinomycetota;c__Acidimicrobiia;o__Acidimicrobiales;f__SZUA-35;g__JAHELU01;s__	N/A	N/A	N/A	N/A	N/A	N/A	N/A	N/A	N/A	N/A	d__Bacteria;p__Actinomycetota;c__Acidimicrobiia;o__Acidimicrobiales;f__SZUA-35;g__JAHELU01;s__	taxonomic classification fully defined by topology	classification based on placement in class-level tree	N/A	89.31	11	0.93561	N/A
SRR22878281_fastq_bin_6555_fasta	d__Bacteria;p__Actinomycetota;c__Acidimicrobiia;o__Acidimicrobiales;f__UBA10347;g__UBA10347;s__	N/A	N/A	N/A	N/A	N/A	N/A	N/A	N/A	N/A	N/A	d__Bacteria;p__Actinomycetota;c__Acidimicrobiia;o__Acidimicrobiales;f__UBA10347;g__UBA10347;s__	taxonomic classification fully defined by topology	classification based on placement in class-level tree	N/A	68.4	11	0.95783	N/A
SRR22878281_fastq_bin_681284_fasta	d__Bacteria;p__Bacteroidota;c__Bacteroidia;o__Flavobacteriales;f__Flavobacteriaceae;g__AU392;s__	N/A	N/A	N/A	N/A	N/A	N/A	N/A	N/A	N/A	N/A	d__Bacteria;p__Bacteroidota;c__Bacteroidia;o__Flavobacteriales;f__Flavobacteriaceae;g__AU392;s__	taxonomic classification fully defined by topology	classification based on placement in class-level tree	N/A	64.97	11	0.94492	N/A
SRR22878281_fastq_bin_682652_fasta	d__Bacteria;p__Pseudomonadota;c__Gammaproteobacteria;o__Arenicellales;f__Arenicellaceae;g__Arenicella;s__	N/A	N/A	N/A	N/A	N/A	N/A	N/A	N/A	N/A	N/A	d__Bacteria;p__Pseudomonadota;c__Gammaproteobacteria;o__Arenicellales;f__Arenicellaceae;g__Arenicella;s__	taxonomic classification fully defined by topology	classification based on placement in class-level tree	N/A	92.19	11	0.90373	N/A
SRR22878281_fastq_bin_725349_fasta	d__Bacteria;p__Pseudomonadota;c__Alphaproteobacteria;o__Rhodobacterales;f__Rhodobacteraceae;g__Sulfitobacter;s__	N/A	N/A	N/A	N/A	N/A	N/A	N/A	N/A	N/A	N/A	d__Bacteria;p__Pseudomonadota;c__Alphaproteobacteria;o__Rhodobacterales;f__Rhodobacteraceae;g__Sulfitobacter;s__	taxonomic classification fully defined by topology	classification based on placement in class-level tree	N/A	52.97	11	0.98673	N/A
SRR22878281_fastq_bin_742824_fasta	d__Bacteria;p__Myxococcota_A;c__UBA9160;o__UBA9160;f__UBA4427;g__UBA4427;s__	N/A	N/A	N/A	N/A	N/A	N/A	N/A	N/A	N/A	N/A	d__Bacteria;p__Myxococcota_A;c__UBA9160;o__UBA9160;f__UBA4427;g__UBA4427;s__	taxonomic classification fully defined by topology	classification based on placement in class-level tree	N/A	63.32	11	0.92727	N/A
SRR22878281_fastq_bin_7512_fasta	d__Bacteria;p__Pseudomonadota;c__Alphaproteobacteria;o__Sphingomonadales;f__Sphingomonadaceae;g__Parasphingorhabdus;s__	N/A	N/A	N/A	N/A	N/A	N/A	N/A	N/A	N/A	N/A	d__Bacteria;p__Pseudomonadota;c__Alphaproteobacteria;o__Sphingomonadales;f__Sphingomonadaceae;g__Parasphingorhabdus;s__	taxonomic classification fully defined by topology	classification based on placement in class-level tree	N/A	91.02	11	0.97737	N/A
SRR22878281_fastq_bin_760565_fasta	d__Bacteria;p__Bacteroidota;c__Bacteroidia;o__Flavobacteriales;f__Flavobacteriaceae;g__Tenacibaculum;s__	N/A	N/A	N/A	N/A	N/A	N/A	N/A	N/A	N/A	N/A	d__Bacteria;p__Bacteroidota;c__Bacteroidia;o__Flavobacteriales;f__Flavobacteriaceae;g__Tenacibaculum;s__	taxonomic classification defined by topology and ANI	classification based on placement in class-level tree	GCA_938041625.1, s__Tenacibaculum sp938041625, 95.0, 82.87, 0.171; GCA_937922085.1, s__Tenacibaculum sp937922085, 95.0, 81.99, 0.169; GCF_004337695.1, s__Tenacibaculum sp004337695, 95.0, 80.91, 0.172; GCA_947498055.1, s__Tenacibaculum sp947498055, 95.0, 80.65, 0.163	79.5	11	0.97628	N/A
SRR22878281_fastq_bin_770814_fasta	d__Bacteria;p__Pseudomonadota;c__Gammaproteobacteria;o__Enterobacterales;f__Alteromonadaceae;g__Pseudoalteromonas;s__Pseudoalteromonas marina	GCF_000238335.3	95.0	d__Bacteria;p__Pseudomonadota;c__Gammaproteobacteria;o__Enterobacterales;f__Alteromonadaceae;g__Pseudoalteromonas;s__Pseudoalteromonas marina	98.39	0.924	GCF_000238335.3	95.0	d__Bacteria;p__Pseudomonadota;c__Gammaproteobacteria;o__Enterobacterales;f__Alteromonadaceae;g__Pseudoalteromonas;s__Pseudoalteromonas marina	98.39	0.924	d__Bacteria;p__Pseudomonadota;c__Gammaproteobacteria;o__Enterobacterales;f__Alteromonadaceae;g__Pseudoalteromonas;s__	taxonomic classification defined by topology and ANI	topological placement and ANI have congruent species assignments	GCF_001468485.1, s__Pseudoalteromonas sp001468485, 95.0, 91.53, 0.815; GCF_900239935.1, s__Pseudoalteromonas carrageenovora, 95.0, 84.73, 0.336; GCF_000814675.1, s__Pseudoalteromonas distincta, 95.0, 83.96, 0.286; GCF_018100985.1, s__Pseudoalteromonas sp018100985, 95.0, 83.86, 0.296; GCF_000239855.1, s__Pseudoalteromonas sp000239855, 95.0, 83.84, 0.306; GCF_001974875.1, s__Pseudoalteromonas sp001974875, 95.0, 83.63, 0.308; GCF_011378855.1, s__Pseudoalteromonas sp011378855, 95.0, 83.56, 0.286; GCF_002221525.1, s__Pseudoalteromonas espejiana, 95.0, 83.5, 0.273; GCF_030408135.1, s__Pseudoalteromonas sp030408135, 95.0, 83.46, 0.284; GCF_008370255.1, s__Pseudoalteromonas sp008370255, 95.0, 83.46, 0.278; GCF_000238395.3, s__Pseudoalteromonas arctica, 95.0, 83.43, 0.288; GCF_000690055.1, s__Pseudoalteromonas fuliginea, 95.0, 83.12, 0.28; GCF_000498095.1, s__Pseudoalteromonas sp000498095, 95.0, 82.99, 0.235; GCA_007988745.1, s__Pseudoalteromonas atlantica, 95.0, 82.89, 0.249; GCF_014905615.1, s__Pseudoalteromonas aliena, 95.0, 82.85, 0.232; GCF_001401805.1, s__Pseudoalteromonas sp001401805, 95.0, 82.75, 0.251; GCF_030296835.1, s__Pseudoalteromonas sp030296835, 95.0, 82.66, 0.257; GCF_002310835.1, s__Pseudoalteromonas tetraodonis, 95.0, 81.97, 0.167; GCF_001465295.1, s__Pseudoalteromonas translucida, 95.0, 81.74, 0.165; GCA_028401415.1, s__Pseudoalteromonas sp028401415, 95.0, 81.62, 0.167; GCF_000238275.3, s__Pseudoalteromonas undina, 95.0, 81.57, 0.174; GCF_004328665.1, s__Pseudoalteromonas sp001974855, 95.0, 81.51, 0.163; GCF_002221505.1, s__Pseudoalteromonas nigrifaciens, 96.17, 81.44, 0.166	68.74	11	N/A	N/A
SRR22878281_fastq_bin_770942_fasta	d__Bacteria;p__Bacteroidota;c__Bacteroidia;o__Flavobacteriales;f__Flavobacteriaceae;g__;s__	N/A	N/A	N/A	N/A	N/A	N/A	N/A	N/A	N/A	N/A	d__Bacteria;p__Bacteroidota;c__Bacteroidia;o__Flavobacteriales;f__Flavobacteriaceae;g__;s__	taxonomic classification fully defined by topology	classification based on placement in class-level tree	N/A	98.11	11	0.92427	N/A
SRR22878281_fastq_bin_786708_fasta	d__Bacteria;p__Pseudomonadota;c__Alphaproteobacteria;o__Caulobacterales;f__Hyphomonadaceae;g__CALLCD01;s__	N/A	N/A	N/A	N/A	N/A	N/A	N/A	N/A	N/A	N/A	d__Bacteria;p__Pseudomonadota;c__Alphaproteobacteria;o__Caulobacterales;f__Hyphomonadaceae;g__CALLCD01;s__	taxonomic classification fully defined by topology	classification based on placement in class-level tree	N/A	94.94	11	0.93755	N/A
SRR22878281_fastq_bin_843222_fasta	d__Bacteria;p__Bacteroidota;c__Bacteroidia;o__Chitinophagales;f__JAHQVX01;g__JAHQVX01;s__	N/A	N/A	N/A	N/A	N/A	N/A	N/A	N/A	N/A	N/A	d__Bacteria;p__Bacteroidota;c__Bacteroidia;o__Chitinophagales;f__JAHQVX01;g__JAHQVX01;s__	taxonomic novelty determined using RED	classification based on placement in class-level tree	N/A	95.31	11	0.85292	N/A
SRR22878281_fastq_bin_861208_fasta	d__Bacteria;p__Pseudomonadota;c__Gammaproteobacteria;o__Pseudomonadales;f__Cellvibrionaceae;g__Marinagarivorans;s__Marinagarivorans sp947494095	GCA_947494095.1	95.0	d__Bacteria;p__Pseudomonadota;c__Gammaproteobacteria;o__Pseudomonadales;f__Cellvibrionaceae;g__Marinagarivorans;s__Marinagarivorans sp947494095	97.74	0.865	GCA_947494095.1	95.0	d__Bacteria;p__Pseudomonadota;c__Gammaproteobacteria;o__Pseudomonadales;f__Cellvibrionaceae;g__Marinagarivorans;s__Marinagarivorans sp947494095	97.74	0.865	d__Bacteria;p__Pseudomonadota;c__Gammaproteobacteria;o__Pseudomonadales;f__Cellvibrionaceae;g__Marinagarivorans;s__	taxonomic classification defined by topology and ANI	topological placement and ANI have congruent species assignments	GCF_001292705.1, s__Marinagarivorans algicola, 95.0, 85.43, 0.414	78.83	11	N/A	N/A
SRR22878281_fastq_bin_870174_fasta	d__Bacteria;p__Pseudomonadota;c__Alphaproteobacteria;o__Rhizobiales;f__CALHAX01;g__CALHAX01;s__	N/A	N/A	N/A	N/A	N/A	N/A	N/A	N/A	N/A	N/A	d__Bacteria;p__Pseudomonadota;c__Alphaproteobacteria;o__Rhizobiales;f__CALHAX01;g__CALHAX01;s__	taxonomic novelty determined using RED	classification based on placement in class-level tree	N/A	79.01	11	0.95418	N/A
SRR22878281_fastq_bin_952057_fasta	d__Bacteria;p__Actinomycetota;c__Acidimicrobiia;o__Acidimicrobiales;f__UBA10347;g__UBA10347;s__	N/A	N/A	N/A	N/A	N/A	N/A	N/A	N/A	N/A	N/A	d__Bacteria;p__Actinomycetota;c__Acidimicrobiia;o__Acidimicrobiales;f__UBA10347;g__UBA10347;s__	taxonomic classification fully defined by topology	classification based on placement in class-level tree	N/A	90.49	11	0.9534	N/A
SRR22878281_fastq_bin_976162_fasta	d__Bacteria;p__Pseudomonadota;c__Alphaproteobacteria;o__Rhizobiales;f__Rhizobiaceae;g__JAALLB01;s__	N/A	N/A	N/A	N/A	N/A	N/A	N/A	N/A	N/A	N/A	d__Bacteria;p__Pseudomonadota;c__Alphaproteobacteria;o__Rhizobiales;f__Rhizobiaceae;g__JAALLB01;s__	taxonomic classification fully defined by topology	classification based on placement in class-level tree	N/A	56.13	11	0.9442	N/A
SRR22878282_fastq_bin_11756_fasta	d__Bacteria;p__Cyanobacteriota;c__Cyanobacteriia;o__Cyanobacteriales;f__Xenococcaceae;g__Waterburya;s__	N/A	N/A	N/A	N/A	N/A	N/A	N/A	N/A	N/A	N/A	d__Bacteria;p__Cyanobacteriota;c__Cyanobacteriia;o__Cyanobacteriales;f__Xenococcaceae;g__Waterburya;s__	taxonomic classification fully defined by topology	classification based on placement in class-level tree	N/A	87.31	11	0.98775	N/A
SRR22878282_fastq_bin_2024_fasta	d__Bacteria;p__Bacteroidota;c__Bacteroidia;o__Flavobacteriales;f__Flavobacteriaceae;g__CALKXS01;s__	N/A	N/A	N/A	N/A	N/A	N/A	N/A	N/A	N/A	N/A	d__Bacteria;p__Bacteroidota;c__Bacteroidia;o__Flavobacteriales;f__Flavobacteriaceae;g__CALKXS01;s__	taxonomic classification fully defined by topology	classification based on placement in class-level tree	N/A	58.05	11	0.98537	N/A
SRR22878282_fastq_bin_289431_fasta	d__Bacteria;p__Bacteroidota;c__Bacteroidia;o__Flavobacteriales;f__Flavobacteriaceae;g__Aquimarina;s__	N/A	N/A	N/A	N/A	N/A	N/A	N/A	N/A	N/A	N/A	d__Bacteria;p__Bacteroidota;c__Bacteroidia;o__Flavobacteriales;f__Flavobacteriaceae;g__Aquimarina;s__	taxonomic classification fully defined by topology	classification based on placement in class-level tree	N/A	59.8	11	0.95314	N/A
SRR22878282_fastq_bin_291065_fasta	d__Bacteria;p__Bacteroidota;c__Bacteroidia;o__Flavobacteriales;f__Flavobacteriaceae;g__;s__	N/A	N/A	N/A	N/A	N/A	N/A	N/A	N/A	N/A	N/A	d__Bacteria;p__Bacteroidota;c__Bacteroidia;o__Flavobacteriales;f__Flavobacteriaceae;g__;s__	taxonomic novelty determined using RED	classification based on placement in class-level tree	N/A	69.06	11	0.89265	N/A
SRR22878282_fastq_bin_332620_fasta	d__Bacteria;p__Pseudomonadota;c__Gammaproteobacteria;o__Pseudomonadales;f__GM7GCV1;g__;s__	N/A	N/A	N/A	N/A	N/A	N/A	N/A	N/A	N/A	N/A	d__Bacteria;p__Pseudomonadota;c__Gammaproteobacteria;o__Pseudomonadales;f__GM7GCV1;g__;s__	taxonomic novelty determined using RED	classification based on placement in class-level tree	N/A	91.54	11	0.84779	N/A
SRR22878282_fastq_bin_335615_fasta	d__Bacteria;p__Bacteroidota;c__Bacteroidia;o__Chitinophagales;f__Saprospiraceae;g__GYS-P2D;s__	N/A	N/A	N/A	N/A	N/A	N/A	N/A	N/A	N/A	N/A	d__Bacteria;p__Bacteroidota;c__Bacteroidia;o__Chitinophagales;f__Saprospiraceae;g__GYS-P2D;s__	taxonomic classification fully defined by topology	classification based on placement in class-level tree	N/A	65.12	11	0.98399	N/A
SRR22878282_fastq_bin_370776_fasta	d__Bacteria;p__Pseudomonadota;c__Gammaproteobacteria;o__Enterobacterales;f__Vibrionaceae;g__Vibrio;s__Vibrio cyclitrophicus	GCF_024347435.1	95.0	d__Bacteria;p__Pseudomonadota;c__Gammaproteobacteria;o__Enterobacterales;f__Vibrionaceae;g__Vibrio;s__Vibrio cyclitrophicus	98.84	0.773	GCF_024347435.1	95.0	d__Bacteria;p__Pseudomonadota;c__Gammaproteobacteria;o__Enterobacterales;f__Vibrionaceae;g__Vibrio;s__Vibrio cyclitrophicus	98.84	0.773	d__Bacteria;p__Pseudomonadota;c__Gammaproteobacteria;o__Enterobacterales;f__Vibrionaceae;g__Vibrio;s__	taxonomic classification defined by topology and ANI	topological placement and ANI have congruent species assignments	GCF_000272045.2, s__Vibrio crassostreae_C, 95.0, 90.95, 0.589; GCF_023206055.1, s__Vibrio cyclitrophicus_A, 95.0, 89.88, 0.607; GCF_024347375.1, s__Vibrio coralliirubri, 95.0, 89.88, 0.578; GCF_026241515.1, s__Vibrio sp026241515, 95.0, 89.65, 0.612; GCF_024347455.1, s__Vibrio echinoideorum, 95.0, 89.62, 0.629; GCF_024347335.1, s__Vibrio celticus, 95.0, 89.62, 0.583; GCF_000272105.2, s__Vibrio splendidus_I, 95.0, 89.61, 0.567; GCF_024347415.1, s__Vibrio crassostreae, 95.0, 89.55, 0.56; GCF_003345295.1, s__Vibrio splendidus_K, 95.0, 89.47, 0.616; GCF_024347615.1, s__Vibrio splendidus, 95.0, 89.47, 0.61; GCF_001557875.1, s__Vibrio splendidus_F, 95.0, 89.24, 0.546; GCF_007858795.1, s__Vibrio sp007858795, 95.0, 89.2, 0.558; GCF_002873455.1, s__Vibrio splendidus_J, 95.0, 89.07, 0.578; GCF_030409755.1, s__Vibrio lentus, 95.0, 89.05, 0.532; GCF_030297155.1, s__Vibrio lentus_A, 95.0, 88.93, 0.554; GCF_023206395.1, s__Vibrio sp000316985, 95.0, 88.91, 0.557; GCF_024347595.1, s__Vibrio pomeroyi, 95.0, 88.84, 0.541; GCF_022397915.1, s__Vibrio sp022397915, 95.0, 88.8, 0.557; GCF_002875705.1, s__Vibrio sp002875705, 95.0, 88.72, 0.537; GCF_014879975.1, s__Vibrio bathopelagicus, 95.0, 88.53, 0.52; GCF_024347515.1, s__Vibrio gigantis, 95.0, 88.46, 0.513; GCF_002119525.1, s__Vibrio syngnathi, 95.0, 88.45, 0.549; GCF_000272405.2, s__Vibrio tasmaniensis_A, 96.51, 88.34, 0.505; GCF_024347315.1, s__Vibrio atlanticus, 95.0, 88.24, 0.511; GCF_024347635.1, s__Vibrio tasmaniensis, 95.0, 88.22, 0.523; GCF_024347535.1, s__Vibrio kanaloae, 95.0, 88.18, 0.536; GCF_030563405.1, s__Vibrio sp030563405, 95.0, 87.94, 0.512; GCF_024347655.1, s__Vibrio toranzoniae, 95.18, 87.77, 0.529; GCF_903995485.1, s__Vibrio chagasii_B, 95.0, 87.43, 0.46; GCF_022397955.1, s__Vibrio sp022397955, 95.0, 87.32, 0.458; GCA_000169995.1, s__Vibrio sp000169995, 95.0, 86.98, 0.398; GCF_022398115.1, s__Vibrio sp022398115, 95.0, 86.91, 0.418; GCF_024347355.1, s__Vibrio chagasii, 95.0, 86.88, 0.399; GCF_002954585.1, s__Vibrio chagasii_A, 95.04, 86.77, 0.404; GCF_024347295.1, s__Vibrio artabrorum, 95.0, 86.19, 0.456; GCF_001635455.1, s__Vibrio sp001635455, 95.0, 86.11, 0.355; GCF_947488985.1, s__Vibrio sp947488985, 95.0, 85.69, 0.355; GCF_030248535.1, s__Vibrio sp030248535, 95.0, 83.27, 0.154; GCF_024347475.1, s__Vibrio fortis, 95.0, 83.17, 0.151; GCF_000695685.1, s__Vibrio fortis_A, 95.0, 83.06, 0.151	55.39	11	N/A	Genome has more than 24.2% of markers with multiple hits
SRR22878282_fastq_bin_446643_fasta	d__Bacteria;p__Pseudomonadota;c__Gammaproteobacteria;o__Pseudomonadales;f__GM7GCV1;g__;s__	N/A	N/A	N/A	N/A	N/A	N/A	N/A	N/A	N/A	N/A	d__Bacteria;p__Pseudomonadota;c__Gammaproteobacteria;o__Pseudomonadales;f__GM7GCV1;g__;s__	taxonomic novelty determined using RED	classification based on placement in class-level tree	N/A	65.06	11	0.79785	N/A
SRR22878282_fastq_bin_484164_fasta	d__Bacteria;p__Pseudomonadota;c__Gammaproteobacteria;o__Arenicellales;f__Arenicellaceae;g__Arenicella;s__	N/A	N/A	N/A	N/A	N/A	N/A	N/A	N/A	N/A	N/A	d__Bacteria;p__Pseudomonadota;c__Gammaproteobacteria;o__Arenicellales;f__Arenicellaceae;g__Arenicella;s__	taxonomic classification fully defined by topology	classification based on placement in class-level tree	N/A	89.29	11	0.97074	N/A
SRR22878282_fastq_bin_575448_fasta	d__Bacteria;p__Pseudomonadota;c__Gammaproteobacteria;o__Pseudomonadales;f__Cellvibrionaceae;g__GCA-2746115;s__	N/A	N/A	N/A	N/A	N/A	N/A	N/A	N/A	N/A	N/A	d__Bacteria;p__Pseudomonadota;c__Gammaproteobacteria;o__Pseudomonadales;f__Cellvibrionaceae;g__GCA-2746115;s__	taxonomic novelty determined using RED	classification based on placement in class-level tree	N/A	77.64	11	0.88992	N/A
SRR22878282_fastq_bin_590945_fasta	d__Bacteria;p__Bacteroidota;c__Bacteroidia;o__Flavobacteriales;f__Flavobacteriaceae;g__Cellulophaga;s__Cellulophaga lytica	GCF_000190595.1	95.0	d__Bacteria;p__Bacteroidota;c__Bacteroidia;o__Flavobacteriales;f__Flavobacteriaceae;g__Cellulophaga;s__Cellulophaga lytica	99.2	0.913	GCF_000190595.1	95.0	d__Bacteria;p__Bacteroidota;c__Bacteroidia;o__Flavobacteriales;f__Flavobacteriaceae;g__Cellulophaga;s__Cellulophaga lytica	99.2	0.913	d__Bacteria;p__Bacteroidota;c__Bacteroidia;o__Flavobacteriales;f__Flavobacteriaceae;g__Cellulophaga;s__	taxonomic classification defined by topology and ANI	topological placement and ANI have congruent species assignments	GCF_001999725.1, s__Cellulophaga omnivescoria, 95.0, 91.62, 0.826; GCF_002813425.1, s__Cellulophaga sp002813425, 95.0, 89.39, 0.756; GCF_900119145.1, s__Cellulophaga fucicola, 95.0, 86.97, 0.628; GCF_023476645.1, s__Cellulophaga sp023476645, 95.0, 86.04, 0.57; GCA_947491225.1, s__Cellulophaga sp947491225, 95.0, 80.02, 0.156	94.96	11	N/A	N/A
SRR22878282_fastq_bin_596555_fasta	d__Bacteria;p__Bacteroidota;c__Bacteroidia;o__Flavobacteriales;f__Flavobacteriaceae;g__Aquimarina;s__	N/A	N/A	N/A	N/A	N/A	GCF_947492965.1	95.0	d__Bacteria;p__Bacteroidota;c__Bacteroidia;o__Flavobacteriales;f__Flavobacteriaceae;g__Aquimarina;s__Aquimarina sp947492965	91.27	0.783	d__Bacteria;p__Bacteroidota;c__Bacteroidia;o__Flavobacteriales;f__Flavobacteriaceae;g__Aquimarina;s__	taxonomic classification defined by topology and ANI	classification based on placement in class-level tree	GCF_019295435.1, s__Aquimarina litoralis, 95.0, 83.62, 0.378; GCF_000430645.1, s__Aquimarina latercula, 95.0, 80.75, 0.166; GCF_943733665.1, s__Aquimarina sp900299505, 95.0, 80.43, 0.171; GCF_900109375.1, s__Aquimarina amphilecti, 95.0, 79.96, 0.154	86.14	11	0.99491	Genome not assigned to closest species as it falls outside its pre-defined ANI radius
SRR22878282_fastq_bin_599023_fasta	d__Bacteria;p__Bacteroidota;c__Bacteroidia;o__Flavobacteriales;f__Flavobacteriaceae;g__Polaribacter;s__Polaribacter sp002005425	GCF_002005425.1	95.0	d__Bacteria;p__Bacteroidota;c__Bacteroidia;o__Flavobacteriales;f__Flavobacteriaceae;g__Polaribacter;s__Polaribacter sp002005425	97.48	0.957	GCF_002005425.1	95.0	d__Bacteria;p__Bacteroidota;c__Bacteroidia;o__Flavobacteriales;f__Flavobacteriaceae;g__Polaribacter;s__Polaribacter sp002005425	97.48	0.957	d__Bacteria;p__Bacteroidota;c__Bacteroidia;o__Flavobacteriales;f__Flavobacteriaceae;g__Polaribacter;s__	taxonomic classification defined by topology and ANI	topological placement and ANI have congruent species assignments	GCA_020631275.1, s__Polaribacter sp020631275, 95.0, 92.08, 0.834; GCF_002831685.1, s__Polaribacter sp002831685, 95.0, 82.63, 0.234; GCF_021991835.1, s__Polaribacter sp021991835, 95.0, 82.18, 0.171; GCF_007997075.1, s__Polaribacter sp007997075, 95.0, 81.8, 0.207; GCF_014352875.1, s__Polaribacter pectinis, 95.0, 81.8, 0.192; GCF_023555495.1, s__Polaribacter sp023555495, 95.0, 81.76, 0.176; GCF_014784055.1, s__Polaribacter haliotis, 95.0, 81.71, 0.17; GCF_005885675.1, s__Polaribacter aestuariivivens, 95.0, 81.2, 0.153	55.57	11	N/A	N/A
SRR22878282_fastq_bin_610670_fasta	d__Bacteria;p__Bacteroidota;c__Bacteroidia;o__Flavobacteriales;f__Flavobacteriaceae;g__Maribacter_C;s__	N/A	N/A	N/A	N/A	N/A	GCA_947495915.1	95.0	d__Bacteria;p__Bacteroidota;c__Bacteroidia;o__Flavobacteriales;f__Flavobacteriaceae;g__Maribacter_C;s__Maribacter_C sp947495915	87.44	0.646	d__Bacteria;p__Bacteroidota;c__Bacteroidia;o__Flavobacteriales;f__Flavobacteriaceae;g__Maribacter_C;s__	taxonomic classification defined by topology and ANI	classification based on placement in class-level tree	N/A	88.06	11	0.9941	N/A
SRR22878282_fastq_bin_649781_fasta	d__Bacteria;p__Bacteroidota;c__Bacteroidia;o__Cytophagales;f__Cyclobacteriaceae;g__CANLOE01;s__	N/A	N/A	N/A	N/A	N/A	N/A	N/A	N/A	N/A	N/A	d__Bacteria;p__Bacteroidota;c__Bacteroidia;o__Cytophagales;f__Cyclobacteriaceae;g__CANLOE01;s__	taxonomic novelty determined using RED	classification based on placement in class-level tree	N/A	81.67	11	0.86303	N/A
SRR22878282_fastq_bin_660044_fasta	d__Bacteria;p__Bacteroidota;c__Bacteroidia;o__Flavobacteriales;f__Flavobacteriaceae;g__Wenyingzhuangia;s__	N/A	N/A	N/A	N/A	N/A	N/A	N/A	N/A	N/A	N/A	d__Bacteria;p__Bacteroidota;c__Bacteroidia;o__Flavobacteriales;f__Flavobacteriaceae;g__Wenyingzhuangia;s__	taxonomic classification defined by topology and ANI	classification based on placement in class-level tree	GCF_001697185.1, s__Wenyingzhuangia fucanilytica, 95.0, 84.63, 0.158	35.45	11	0.98254	Genome has more than 44.2% of markers with multiple hits
SRR22878282_fastq_bin_692197_fasta	d__Bacteria;p__Pseudomonadota;c__Gammaproteobacteria;o__Pseudomonadales;f__Cellvibrionaceae;g__Agarilytica;s__	N/A	N/A	N/A	N/A	N/A	N/A	N/A	N/A	N/A	N/A	d__Bacteria;p__Pseudomonadota;c__Gammaproteobacteria;o__Pseudomonadales;f__Cellvibrionaceae;g__Agarilytica;s__	taxonomic novelty determined using RED	classification based on placement in class-level tree	N/A	75.11	11	0.92737	N/A
SRR22878282_fastq_bin_754860_fasta	d__Bacteria;p__Pseudomonadota;c__Gammaproteobacteria;o__Pseudomonadales;f__Cellvibrionaceae;g__;s__	N/A	N/A	N/A	N/A	N/A	N/A	N/A	N/A	N/A	N/A	d__Bacteria;p__Pseudomonadota;c__Gammaproteobacteria;o__Pseudomonadales;f__Cellvibrionaceae;g__;s__	taxonomic classification fully defined by topology	classification based on placement in class-level tree	N/A	95.75	11	0.86075	N/A
SRR22878282_fastq_bin_836214_fasta	d__Bacteria;p__Pseudomonadota;c__Gammaproteobacteria;o__Enterobacterales;f__Alteromonadaceae;g__Alteromonas;s__	N/A	N/A	N/A	N/A	N/A	N/A	N/A	N/A	N/A	N/A	d__Bacteria;p__Pseudomonadota;c__Gammaproteobacteria;o__Enterobacterales;f__Alteromonadaceae;g__Alteromonas;s__	taxonomic classification defined by topology and ANI	classification based on placement in class-level tree	GCF_010500895.1, s__Alteromonas genovensis, 95.0, 91.6, 0.742; GCF_027257845.1, s__Alteromonas sp027257845, 95.0, 91.59, 0.79; GCF_000753865.1, s__Alteromonas sp000753865, 95.0, 91.35, 0.741; GCF_010500915.1, s__Alteromonas hispanica, 95.0, 82.08, 0.164	78.09	11	0.99819	Genome not assigned to closest species as it falls outside its pre-defined ANI radius
SRR22878282_fastq_bin_870593_fasta	d__Bacteria;p__Bacteroidota;c__Bacteroidia;o__Flavobacteriales;f__Flavobacteriaceae;g__Polaribacter;s__	N/A	N/A	N/A	N/A	N/A	N/A	N/A	N/A	N/A	N/A	d__Bacteria;p__Bacteroidota;c__Bacteroidia;o__Flavobacteriales;f__Flavobacteriaceae;g__Polaribacter;s__	taxonomic classification defined by topology and ANI	classification based on placement in class-level tree	GCF_018861005.1, s__Polaribacter vadi_A, 95.0, 90.26, 0.638; GCF_001975665.1, s__Polaribacter reichenbachii, 95.0, 88.85, 0.652; GCF_001761365.1, s__Polaribacter vadi, 95.0, 81.99, 0.17; GCF_900105145.1, s__Polaribacter sp900105145, 95.0, 81.96, 0.182; GCF_021991835.1, s__Polaribacter sp021991835, 95.0, 81.86, 0.153; GCF_024362345.1, s__Polaribacter dokdonensis, 95.0, 81.66, 0.175; GCF_023555495.1, s__Polaribacter sp023555495, 95.0, 81.66, 0.16; GCF_000687935.1, s__Polaribacter sp000687935, 95.0, 81.54, 0.151; GCF_000152945.2, s__Polaribacter sp000152945, 95.0, 81.44, 0.179; GCF_000766795.1, s__Polaribacter sp000766795, 95.0, 81.11, 0.153	79.13	11	0.98047	Genome not assigned to closest species as it falls outside its pre-defined ANI radius
SRR22878282_fastq_bin_885747_fasta	d__Bacteria;p__Myxococcota;c__Polyangia;o__Polyangiales;f__Polyangiaceae;g__SZUA-265;s__	N/A	N/A	N/A	N/A	N/A	N/A	N/A	N/A	N/A	N/A	d__Bacteria;p__Myxococcota;c__Polyangia;o__Polyangiales;f__Polyangiaceae;g__SZUA-265;s__	taxonomic classification fully defined by topology	classification based on placement in class-level tree	N/A	92.61	11	0.92883	N/A
SRR22878282_fastq_bin_892601_fasta	d__Bacteria;p__Cyanobacteriota;c__Cyanobacteriia;o__Cyanobacteriales;f__Spirulinaceae;g__;s__	N/A	N/A	N/A	N/A	N/A	N/A	N/A	N/A	N/A	N/A	d__Bacteria;p__Cyanobacteriota;c__Cyanobacteriia;o__Cyanobacteriales;f__Spirulinaceae;g__;s__	taxonomic novelty determined using RED	classification based on placement in class-level tree	N/A	92.91	11	0.82255	N/A
SRR22878282_fastq_bin_892974_fasta	d__Bacteria;p__Bdellovibrionota;c__Bacteriovoracia;o__Bacteriovoracales;f__Bacteriovoracaceae;g__CAKZJW01;s__	N/A	N/A	N/A	N/A	N/A	GCA_937120495.1	95.0	d__Bacteria;p__Bdellovibrionota;c__Bacteriovoracia;o__Bacteriovoracales;f__Bacteriovoracaceae;g__CAKZJW01;s__CAKZJW01 sp937120495	N/A	N/A	d__Bacteria;p__Bdellovibrionota;c__Bacteriovoracia;o__Bacteriovoracales;f__Bacteriovoracaceae;g__CAKZJW01;s__	taxonomic classification defined by topology and ANI	classification based on placement in class-level tree	GCA_937923325.1, s__CAKZJW01 sp937923325, 95.0, 90.09, 0.241	78.33	11	0.91321	N/A
SRR22878282_fastq_bin_894258_fasta	d__Bacteria;p__Bacteroidota;c__Bacteroidia;o__Flavobacteriales;f__Flavobacteriaceae;g__Maribacter;s__Maribacter litoralis	GCF_003075045.1	95.0	d__Bacteria;p__Bacteroidota;c__Bacteroidia;o__Flavobacteriales;f__Flavobacteriaceae;g__Maribacter;s__Maribacter litoralis	98.31	0.874	GCF_003075045.1	95.0	d__Bacteria;p__Bacteroidota;c__Bacteroidia;o__Flavobacteriales;f__Flavobacteriaceae;g__Maribacter;s__Maribacter litoralis	98.31	0.874	d__Bacteria;p__Bacteroidota;c__Bacteroidia;o__Flavobacteriales;f__Flavobacteriaceae;g__Maribacter;s__	taxonomic classification defined by topology and ANI	topological placement and ANI have congruent species assignments	GCF_001447995.1, s__Maribacter dokdonensis, 95.0, 86.14, 0.506; GCF_000744105.1, s__Maribacter forsetii, 95.0, 85.05, 0.381; GCF_004364175.1, s__Maribacter caenipelagi, 95.0, 84.48, 0.325; GCA_030730545.1, s__Maribacter sp030730545, 95.0, 83.39, 0.209; GCF_029350945.1, s__Maribacter sp020629415, 95.0, 83.06, 0.276; GCF_029350975.1, s__Maribacter sp029350975, 95.0, 83.05, 0.298; GCF_947500985.1, s__Maribacter sp947500985, 95.0, 83.01, 0.279; GCF_900112245.1, s__Maribacter stanieri, 95.0, 82.85, 0.273; GCF_900142175.1, s__Maribacter aquivivus, 95.0, 82.84, 0.285; GCF_900155985.1, s__Maribacter ulvicola, 95.0, 82.68, 0.258; GCF_030547005.1, s__Maribacter sp030547005, 95.0, 82.65, 0.251; GCF_004364165.1, s__Maribacter spongiicola, 95.0, 82.62, 0.264; GCA_020629285.1, s__Maribacter sp020629285, 95.0, 82.6, 0.273; GCF_011050675.1, s__Maribacter sp011050675, 95.0, 82.18, 0.24	87.01	11	N/A	N/A
SRR22878282_fastq_bin_901601_fasta	d__Bacteria;p__Bacteroidota;c__Bacteroidia;o__Flavobacteriales;f__Flavobacteriaceae;g__Dokdonia;s__Dokdonia sp947496725	GCF_947496725.1	95.0	d__Bacteria;p__Bacteroidota;c__Bacteroidia;o__Flavobacteriales;f__Flavobacteriaceae;g__Dokdonia;s__Dokdonia sp947496725	97.86	0.859	GCF_947496725.1	95.0	d__Bacteria;p__Bacteroidota;c__Bacteroidia;o__Flavobacteriales;f__Flavobacteriaceae;g__Dokdonia;s__Dokdonia sp947496725	97.86	0.859	d__Bacteria;p__Bacteroidota;c__Bacteroidia;o__Flavobacteriales;f__Flavobacteriaceae;g__Dokdonia;s__	taxonomic classification defined by topology and ANI	topological placement and ANI have congruent species assignments	GCF_001653755.1, s__Dokdonia donghaensis, 95.0, 94.81, 0.817; GCA_020628615.1, s__Dokdonia sp020628615, 95.0, 94.66, 0.813; GCF_000355805.1, s__Dokdonia sp000355805, 95.0, 86.71, 0.284; GCF_000212355.1, s__Dokdonia sp000212355, 95.0, 82.86, 0.177; GCF_003095655.1, s__Dokdonia sp003095655, 95.0, 82.64, 0.184; GCA_913060645.1, s__Dokdonia sp913060645, 95.0, 82.14, 0.158	91.3	11	N/A	N/A
SRR22878282_fastq_bin_939515_fasta	d__Bacteria;p__Actinomycetota;c__Acidimicrobiia;o__Acidimicrobiales;f__SHLQ01;g__SHLQ01;s__	N/A	N/A	N/A	N/A	N/A	N/A	N/A	N/A	N/A	N/A	d__Bacteria;p__Actinomycetota;c__Acidimicrobiia;o__Acidimicrobiales;f__SHLQ01;g__SHLQ01;s__	taxonomic classification defined by topology and ANI	classification based on placement in class-level tree	GCA_020628865.1, s__SHLQ01 sp020628865, 95.0, 88.81, 0.196; GCA_937969565.1, s__SHLQ01 sp937969565, 95.0, 88.5, 0.225	28.8	11	0.97095	Genome has more than 40.8% of markers with multiple hits
SRR22878283_fastq_bin_19238_fasta	d__Bacteria;p__Pseudomonadota;c__Alphaproteobacteria;o__Rhizobiales;f__Rhizobiaceae;g__JAALLB01;s__	N/A	N/A	N/A	N/A	N/A	GCA_937944165.1	95.0	d__Bacteria;p__Pseudomonadota;c__Alphaproteobacteria;o__Rhizobiales;f__Rhizobiaceae;g__JAALLB01;s__JAALLB01 sp937944165	87.34	0.565	d__Bacteria;p__Pseudomonadota;c__Alphaproteobacteria;o__Rhizobiales;f__Rhizobiaceae;g__JAALLB01;s__	taxonomic classification defined by topology and ANI	classification based on placement in class-level tree	N/A	71.58	11	0.99062	N/A
SRR22878283_fastq_bin_220_fasta	d__Bacteria;p__Pseudomonadota;c__Gammaproteobacteria;o__Pseudomonadales;f__Cellvibrionaceae;g__CANLBN01;s__	N/A	N/A	N/A	N/A	N/A	GCA_947489425.1	95.0	d__Bacteria;p__Pseudomonadota;c__Gammaproteobacteria;o__Pseudomonadales;f__Cellvibrionaceae;g__CANLBN01;s__CANLBN01 sp947489425	80.46	0.222	d__Bacteria;p__Pseudomonadota;c__Gammaproteobacteria;o__Pseudomonadales;f__Cellvibrionaceae;g__CANLBN01;s__	taxonomic classification defined by topology and ANI	classification based on placement in class-level tree	GCA_947488935.1, s__CANLBN01 sp947488935, 95.0, 80.06, 0.172	95.93	11	0.98632	N/A
SRR22878283_fastq_bin_262641_fasta	d__Bacteria;p__Bacteroidota;c__Bacteroidia;o__Flavobacteriales;f__Flavobacteriaceae;g__Ochrovirga;s__	N/A	N/A	N/A	N/A	N/A	N/A	N/A	N/A	N/A	N/A	d__Bacteria;p__Bacteroidota;c__Bacteroidia;o__Flavobacteriales;f__Flavobacteriaceae;g__Ochrovirga;s__	taxonomic novelty determined using RED	classification based on placement in class-level tree	N/A	61.61	11	0.96338	Genome has more than 20.8% of markers with multiple hits
SRR22878283_fastq_bin_270555_fasta	d__Bacteria;p__Pseudomonadota;c__Alphaproteobacteria;o__Caulobacterales;f__Maricaulaceae;g__CAKZTE01;s__	N/A	N/A	N/A	N/A	N/A	N/A	N/A	N/A	N/A	N/A	d__Bacteria;p__Pseudomonadota;c__Alphaproteobacteria;o__Caulobacterales;f__Maricaulaceae;g__CAKZTE01;s__	taxonomic novelty determined using RED	classification based on placement in class-level tree	N/A	89.06	11	0.962	N/A
SRR22878283_fastq_bin_27333_fasta	d__Bacteria;p__Pseudomonadota;c__Alphaproteobacteria;o__Caulobacterales;f__Maricaulaceae;g__Litorimonas;s__	N/A	N/A	N/A	N/A	N/A	N/A	N/A	N/A	N/A	N/A	d__Bacteria;p__Pseudomonadota;c__Alphaproteobacteria;o__Caulobacterales;f__Maricaulaceae;g__Litorimonas;s__	taxonomic classification fully defined by topology	classification based on placement in class-level tree	N/A	62.96	11	0.98373	N/A
SRR22878283_fastq_bin_286550_fasta	d__Bacteria;p__Bdellovibrionota;c__Bacteriovoracia;o__Bacteriovoracales;f__Bacteriovoracaceae;g__CAKZJW01;s__	N/A	N/A	N/A	N/A	N/A	N/A	N/A	N/A	N/A	N/A	d__Bacteria;p__Bdellovibrionota;c__Bacteriovoracia;o__Bacteriovoracales;f__Bacteriovoracaceae;g__CAKZJW01;s__	taxonomic classification fully defined by topology	classification based on placement in class-level tree	N/A	92.53	11	0.93817	N/A
SRR22878283_fastq_bin_288467_fasta	d__Bacteria;p__;c__;o__;f__;g__;s__	N/A	N/A	N/A	N/A	N/A	N/A	N/A	N/A	N/A	N/A	d__Bacteria;p__Deinococcota;c__;o__;f__;g__;s__	taxonomic novelty determined using RED	classification based on consensus between backbone and class-level tree	N/A	31.46	4	0.34724	Genome domain questionable ( 34.2% Bacterial, 30.2% Archaeal)
SRR22878283_fastq_bin_293487_fasta	d__Bacteria;p__Pseudomonadota;c__Gammaproteobacteria;o__Pseudomonadales;f__Azotimanducaceae_A;g__JALZVT01;s__	N/A	N/A	N/A	N/A	N/A	N/A	N/A	N/A	N/A	N/A	d__Bacteria;p__Pseudomonadota;c__Gammaproteobacteria;o__Pseudomonadales;f__Azotimanducaceae_A;g__JALZVT01;s__	taxonomic novelty determined using RED	classification based on placement in class-level tree	N/A	78.37	11	0.95208	N/A
SRR22878283_fastq_bin_299277_fasta	d__Bacteria;p__Pseudomonadota;c__Alphaproteobacteria;o__Geminicoccales;f__Geminicoccaceae;g__;s__	N/A	N/A	N/A	N/A	N/A	N/A	N/A	N/A	N/A	N/A	d__Bacteria;p__Pseudomonadota;c__Alphaproteobacteria;o__Geminicoccales;f__Geminicoccaceae;g__;s__	taxonomic novelty determined using RED	classification based on placement in class-level tree	N/A	52.29	11	0.81329	N/A
SRR22878283_fastq_bin_309632_fasta	d__Bacteria;p__Pseudomonadota;c__Gammaproteobacteria;o__Granulosicoccales;f__Granulosicoccaceae;g__Granulosicoccus;s__	N/A	N/A	N/A	N/A	N/A	GCA_020627685.1	95.0	d__Bacteria;p__Pseudomonadota;c__Gammaproteobacteria;o__Granulosicoccales;f__Granulosicoccaceae;g__Granulosicoccus;s__Granulosicoccus sp020627685	80.39	0.18	d__Bacteria;p__Pseudomonadota;c__Gammaproteobacteria;o__Granulosicoccales;f__Granulosicoccaceae;g__Granulosicoccus;s__	taxonomic classification defined by topology and ANI	classification based on placement in class-level tree	N/A	96.78	11	0.98575	N/A
SRR22878283_fastq_bin_319289_fasta	d__Bacteria;p__Pseudomonadota;c__Alphaproteobacteria;o__Rhizobiales;f__Rhizobiaceae;g__JAALLB01;s__	N/A	N/A	N/A	N/A	N/A	N/A	N/A	N/A	N/A	N/A	d__Bacteria;p__Pseudomonadota;c__Alphaproteobacteria;o__Rhizobiales;f__Rhizobiaceae;g__JAALLB01;s__	taxonomic classification fully defined by topology	classification based on placement in class-level tree	N/A	96.62	11	0.94472	N/A
SRR22878283_fastq_bin_357648_fasta	d__Bacteria;p__Bacteroidota;c__Bacteroidia;o__Flavobacteriales;f__Flavobacteriaceae;g__Croceitalea;s__	N/A	N/A	N/A	N/A	N/A	GCA_947499565.1	95.0	d__Bacteria;p__Bacteroidota;c__Bacteroidia;o__Flavobacteriales;f__Flavobacteriaceae;g__Croceitalea;s__Croceitalea sp947499565	82.54	0.16	d__Bacteria;p__Bacteroidota;c__Bacteroidia;o__Flavobacteriales;f__Flavobacteriaceae;g__Croceitalea;s__	taxonomic classification defined by topology and ANI	classification based on placement in class-level tree	N/A	61.15	11	0.98638	Genome has more than 23.3% of markers with multiple hits
SRR22878283_fastq_bin_361576_fasta	d__Bacteria;p__Bacteroidota;c__Bacteroidia;o__Flavobacteriales;f__Flavobacteriaceae;g__Aquimarina;s__	N/A	N/A	N/A	N/A	N/A	N/A	N/A	N/A	N/A	N/A	d__Bacteria;p__Bacteroidota;c__Bacteroidia;o__Flavobacteriales;f__Flavobacteriaceae;g__Aquimarina;s__	taxonomic classification fully defined by topology	classification based on placement in class-level tree	N/A	88.16	11	0.97282	N/A
SRR22878283_fastq_bin_374669_fasta	d__Bacteria;p__Bacteroidota;c__Bacteroidia;o__Flavobacteriales;f__Flavobacteriaceae;g__CALKXS01;s__	N/A	N/A	N/A	N/A	N/A	N/A	N/A	N/A	N/A	N/A	d__Bacteria;p__Bacteroidota;c__Bacteroidia;o__Flavobacteriales;f__Flavobacteriaceae;g__CALKXS01;s__	taxonomic classification fully defined by topology	classification based on placement in class-level tree	N/A	85.18	11	0.98282	N/A
SRR22878283_fastq_bin_389652_fasta	d__Bacteria;p__Pseudomonadota;c__Gammaproteobacteria;o__Pseudomonadales;f__Cellvibrionaceae;g__Marinagarivorans;s__Marinagarivorans algicola	GCF_001292705.1	95.0	d__Bacteria;p__Pseudomonadota;c__Gammaproteobacteria;o__Pseudomonadales;f__Cellvibrionaceae;g__Marinagarivorans;s__Marinagarivorans algicola	99.16	0.886	GCF_001292705.1	95.0	d__Bacteria;p__Pseudomonadota;c__Gammaproteobacteria;o__Pseudomonadales;f__Cellvibrionaceae;g__Marinagarivorans;s__Marinagarivorans algicola	99.16	0.886	d__Bacteria;p__Pseudomonadota;c__Gammaproteobacteria;o__Pseudomonadales;f__Cellvibrionaceae;g__Marinagarivorans;s__	taxonomic classification defined by topology and ANI	topological placement and ANI have congruent species assignments	GCA_947494095.1, s__Marinagarivorans sp947494095, 95.0, 85.19, 0.434	71.32	11	N/A	N/A
SRR22878283_fastq_bin_442058_fasta	d__Bacteria;p__Pseudomonadota;c__Alphaproteobacteria;o__Caulobacterales;f__Maricaulaceae;g__Litorimonas;s__	N/A	N/A	N/A	N/A	N/A	N/A	N/A	N/A	N/A	N/A	d__Bacteria;p__Pseudomonadota;c__Alphaproteobacteria;o__Caulobacterales;f__Maricaulaceae;g__Litorimonas;s__	taxonomic classification fully defined by topology	classification based on placement in class-level tree	N/A	77.08	11	0.98931	N/A
SRR22878283_fastq_bin_450015_fasta	d__Bacteria;p__Pseudomonadota;c__Alphaproteobacteria;o__Rhodobacterales;f__Rhodobacteraceae;g__Tateyamaria;s__	N/A	N/A	N/A	N/A	N/A	GCF_947488715.1	95.0	d__Bacteria;p__Pseudomonadota;c__Alphaproteobacteria;o__Rhodobacterales;f__Rhodobacteraceae;g__Tateyamaria;s__Tateyamaria sp947488715	87.96	0.455	d__Bacteria;p__Pseudomonadota;c__Alphaproteobacteria;o__Rhodobacterales;f__Rhodobacteraceae;g__Tateyamaria;s__	taxonomic classification defined by topology and ANI	classification based on placement in class-level tree	GCF_947487805.1, s__Tateyamaria sp947487805, 95.0, 86.52, 0.273	56.46	11	0.99105	N/A
SRR22878283_fastq_bin_452711_fasta	d__Bacteria;p__Pseudomonadota;c__Gammaproteobacteria;o__Granulosicoccales;f__Granulosicoccaceae;g__CAKZSB01;s__	N/A	N/A	N/A	N/A	N/A	N/A	N/A	N/A	N/A	N/A	d__Bacteria;p__Pseudomonadota;c__Gammaproteobacteria;o__Granulosicoccales;f__Granulosicoccaceae;g__CAKZSB01;s__	taxonomic novelty determined using RED	classification based on placement in class-level tree	N/A	93.62	11	0.92659	N/A
SRR22878283_fastq_bin_455268_fasta	d__Bacteria;p__Pseudomonadota;c__Alphaproteobacteria;o__Sphingomonadales;f__Sphingomonadaceae;g__Sphingorhabdus_B;s__	N/A	N/A	N/A	N/A	N/A	GCA_947492905.1	95.0	d__Bacteria;p__Pseudomonadota;c__Alphaproteobacteria;o__Sphingomonadales;f__Sphingomonadaceae;g__Sphingorhabdus_B;s__Sphingorhabdus_B sp947492905	89.99	0.729	d__Bacteria;p__Pseudomonadota;c__Alphaproteobacteria;o__Sphingomonadales;f__Sphingomonadaceae;g__Sphingorhabdus_B;s__	taxonomic classification defined by topology and ANI	classification based on placement in class-level tree	GCA_938050045.1, s__Sphingorhabdus_B sp938050045, 95.0, 82.45, 0.408; GCA_937944295.1, s__Sphingorhabdus_B sp937944295, 95.0, 81.24, 0.24	92.19	11	0.99362	Genome not assigned to closest species as it falls outside its pre-defined ANI radius
SRR22878283_fastq_bin_464441_fasta	d__Bacteria;p__Pseudomonadota;c__Gammaproteobacteria;o__Pseudomonadales;f__Cellvibrionaceae;g__Marinagarivorans;s__	N/A	N/A	N/A	N/A	N/A	N/A	N/A	N/A	N/A	N/A	d__Bacteria;p__Pseudomonadota;c__Gammaproteobacteria;o__Pseudomonadales;f__Cellvibrionaceae;g__Marinagarivorans;s__	taxonomic classification fully defined by topology	classification based on placement in class-level tree	N/A	57.26	11	0.93792	N/A
SRR22878283_fastq_bin_468788_fasta	d__Bacteria;p__Pseudomonadota;c__Alphaproteobacteria;o__Sphingomonadales;f__Sphingomonadaceae;g__Sphingorhabdus_B;s__	N/A	N/A	N/A	N/A	N/A	N/A	N/A	N/A	N/A	N/A	d__Bacteria;p__Pseudomonadota;c__Alphaproteobacteria;o__Sphingomonadales;f__Sphingomonadaceae;g__Sphingorhabdus_B;s__	taxonomic classification defined by topology and ANI	classification based on placement in class-level tree	GCA_947492905.1, s__Sphingorhabdus_B sp947492905, 95.0, 81.82, 0.306; GCA_938050045.1, s__Sphingorhabdus_B sp938050045, 95.0, 80.42, 0.228; GCA_937944295.1, s__Sphingorhabdus_B sp937944295, 95.0, 79.54, 0.162	94.66	11	0.98808	N/A
SRR22878283_fastq_bin_469571_fasta	d__Bacteria;p__Pseudomonadota;c__Alphaproteobacteria;o__Geminicoccales;f__Geminicoccaceae;g__;s__	N/A	N/A	N/A	N/A	N/A	N/A	N/A	N/A	N/A	N/A	d__Bacteria;p__Pseudomonadota;c__Alphaproteobacteria;o__Geminicoccales;f__Geminicoccaceae;g__;s__	taxonomic novelty determined using RED	classification based on placement in class-level tree	N/A	95.73	11	0.80853	N/A
SRR22878283_fastq_bin_484169_fasta	d__Bacteria;p__Pseudomonadota;c__Gammaproteobacteria;o__Enterobacterales;f__Alteromonadaceae;g__Psychrosphaera;s__	N/A	N/A	N/A	N/A	N/A	N/A	N/A	N/A	N/A	N/A	d__Bacteria;p__Pseudomonadota;c__Gammaproteobacteria;o__Enterobacterales;f__Alteromonadaceae;g__Psychrosphaera;s__	taxonomic classification fully defined by topology	classification based on placement in class-level tree	N/A	76.31	11	0.97547	Genome has more than 23.3% of markers with multiple hits
SRR22878283_fastq_bin_492641_fasta	d__Bacteria;p__Chloroflexota;c__Anaerolineae;o__Promineifilales;f__Promineifilaceae;g__WTJY01;s__	N/A	N/A	N/A	N/A	N/A	GCA_020628815.1	95.0	d__Bacteria;p__Chloroflexota;c__Anaerolineae;o__Promineifilales;f__Promineifilaceae;g__WTJY01;s__WTJY01 sp020628815	85.62	0.324	d__Bacteria;p__Chloroflexota;c__Anaerolineae;o__Promineifilales;f__Promineifilaceae;g__WTJY01;s__	taxonomic classification defined by topology and ANI	classification based on placement in class-level tree	N/A	61.17	11	0.99662	N/A
SRR22878283_fastq_bin_495986_fasta	d__Bacteria;p__Pseudomonadota;c__Alphaproteobacteria;o__Caulobacterales;f__Maricaulaceae;g__CALFVT01;s__	N/A	N/A	N/A	N/A	N/A	N/A	N/A	N/A	N/A	N/A	d__Bacteria;p__Pseudomonadota;c__Alphaproteobacteria;o__Caulobacterales;f__Maricaulaceae;g__CALFVT01;s__	taxonomic novelty determined using RED	classification based on placement in class-level tree	N/A	81.29	11	0.97545	N/A
SRR22878283_fastq_bin_563799_fasta	d__Bacteria;p__Bacteroidota;c__Bacteroidia;o__Flavobacteriales;f__Flavobacteriaceae;g__Aquimarina;s__	N/A	N/A	N/A	N/A	N/A	N/A	N/A	N/A	N/A	N/A	d__Bacteria;p__Bacteroidota;c__Bacteroidia;o__Flavobacteriales;f__Flavobacteriaceae;g__Aquimarina;s__	taxonomic classification fully defined by topology	classification based on placement in class-level tree	N/A	82.48	11	0.97322	N/A
SRR22878283_fastq_bin_597359_fasta	d__Bacteria;p__Pseudomonadota;c__Alphaproteobacteria;o__Caulobacterales;f__Hyphomonadaceae;g__CALLCD01;s__	N/A	N/A	N/A	N/A	N/A	N/A	N/A	N/A	N/A	N/A	d__Bacteria;p__Pseudomonadota;c__Alphaproteobacteria;o__Caulobacterales;f__Hyphomonadaceae;g__CALLCD01;s__	taxonomic classification fully defined by topology	classification based on placement in class-level tree	N/A	51.86	11	0.96673	Genome has more than 18.3% of markers with multiple hits
SRR22878283_fastq_bin_599096_fasta	d__Bacteria;p__Bacteroidota;c__Bacteroidia;o__Flavobacteriales;f__Flavobacteriaceae;g__;s__	N/A	N/A	N/A	N/A	N/A	N/A	N/A	N/A	N/A	N/A	d__Bacteria;p__Bacteroidota;c__Bacteroidia;o__Flavobacteriales;f__Flavobacteriaceae;g__;s__	taxonomic novelty determined using RED	classification based on placement in class-level tree	N/A	87.73	11	0.88856	N/A
SRR22878283_fastq_bin_617109_fasta	d__Bacteria;p__Patescibacteria;c__Gracilibacteria;o__UBA4473;f__UBA4473;g__JAHDBZ01;s__	N/A	N/A	N/A	N/A	N/A	N/A	N/A	N/A	N/A	N/A	d__Bacteria;p__Patescibacteria;c__Gracilibacteria;o__UBA4473;f__UBA4473;g__JAHDBZ01;s__	taxonomic novelty determined using RED	classification based on placement in class-level tree	N/A	40.5	11	0.94204	Genome has more than 15.0% of markers with multiple hits
SRR22878283_fastq_bin_617325_fasta	d__Bacteria;p__Pseudomonadota;c__Gammaproteobacteria;o__Enterobacterales;f__Alteromonadaceae;g__Thalassotalea_F;s__	N/A	N/A	N/A	N/A	N/A	N/A	N/A	N/A	N/A	N/A	d__Bacteria;p__Pseudomonadota;c__Gammaproteobacteria;o__Enterobacterales;f__Alteromonadaceae;g__Thalassotalea_F;s__	taxonomic classification fully defined by topology	classification based on placement in class-level tree	N/A	65.72	11	0.95814	N/A
SRR22878283_fastq_bin_626659_fasta	d__Bacteria;p__Bacteroidota;c__Bacteroidia;o__Chitinophagales;f__Saprospiraceae;g__;s__	N/A	N/A	N/A	N/A	N/A	N/A	N/A	N/A	N/A	N/A	d__Bacteria;p__Bacteroidota;c__Bacteroidia;o__Chitinophagales;f__Saprospiraceae;g__;s__	taxonomic novelty determined using RED	classification based on placement in class-level tree	N/A	69.79	11	0.89852	N/A
SRR22878283_fastq_bin_631081_fasta	d__Bacteria;p__Pseudomonadota;c__Alphaproteobacteria;o__Rhodobacterales;f__Rhodobacteraceae;g__Aliishimia;s__	N/A	N/A	N/A	N/A	N/A	N/A	N/A	N/A	N/A	N/A	d__Bacteria;p__Pseudomonadota;c__Alphaproteobacteria;o__Rhodobacterales;f__Rhodobacteraceae;g__Aliishimia;s__	taxonomic classification fully defined by topology	classification based on placement in class-level tree	N/A	54.18	11	0.97365	Genome has more than 24.2% of markers with multiple hits
SRR22878283_fastq_bin_640648_fasta	d__Bacteria;p__Bdellovibrionota;c__Bacteriovoracia;o__Bacteriovoracales;f__Bacteriovoracaceae;g__;s__	N/A	N/A	N/A	N/A	N/A	N/A	N/A	N/A	N/A	N/A	d__Bacteria;p__Bdellovibrionota;c__Bacteriovoracia;o__Bacteriovoracales;f__Bacteriovoracaceae;g__;s__	taxonomic novelty determined using RED	classification based on placement in class-level tree	N/A	75.83	11	0.80382	N/A
SRR22878283_fastq_bin_670273_fasta	d__Bacteria;p__Pseudomonadota;c__Gammaproteobacteria;o__Granulosicoccales;f__Granulosicoccaceae;g__GCA-1730015;s__	N/A	N/A	N/A	N/A	N/A	N/A	N/A	N/A	N/A	N/A	d__Bacteria;p__Pseudomonadota;c__Gammaproteobacteria;o__Granulosicoccales;f__Granulosicoccaceae;g__GCA-1730015;s__	taxonomic classification fully defined by topology	classification based on placement in class-level tree	N/A	79.72	11	0.97537	N/A
SRR22878283_fastq_bin_681399_fasta	d__Bacteria;p__Bacteroidota;c__Bacteroidia;o__Flavobacteriales;f__Flavobacteriaceae;g__Croceitalea;s__	N/A	N/A	N/A	N/A	N/A	N/A	N/A	N/A	N/A	N/A	d__Bacteria;p__Bacteroidota;c__Bacteroidia;o__Flavobacteriales;f__Flavobacteriaceae;g__Croceitalea;s__	taxonomic classification fully defined by topology	classification based on placement in class-level tree	N/A	82.42	11	0.95311	N/A
SRR22878283_fastq_bin_758824_fasta	d__Bacteria;p__Bacteroidota;c__Bacteroidia;o__Flavobacteriales;f__Flavobacteriaceae;g__Aquimarina;s__	N/A	N/A	N/A	N/A	N/A	N/A	N/A	N/A	N/A	N/A	d__Bacteria;p__Bacteroidota;c__Bacteroidia;o__Flavobacteriales;f__Flavobacteriaceae;g__Aquimarina;s__	taxonomic classification fully defined by topology	classification based on placement in class-level tree	N/A	90.69	11	0.92052	N/A
SRR22878283_fastq_bin_766374_fasta	d__Bacteria;p__Pseudomonadota;c__Alphaproteobacteria;o__Sphingomonadales;f__Sphingomonadaceae;g__Erythrobacter;s__	N/A	N/A	N/A	N/A	N/A	N/A	N/A	N/A	N/A	N/A	d__Bacteria;p__Pseudomonadota;c__Alphaproteobacteria;o__Sphingomonadales;f__Sphingomonadaceae;g__Erythrobacter;s__	taxonomic classification fully defined by topology	classification based on placement in class-level tree	N/A	85.88	11	0.99531	N/A
SRR22878283_fastq_bin_770595_fasta	d__Bacteria;p__Pseudomonadota;c__Alphaproteobacteria;o__Caulobacterales;f__Maricaulaceae;g__CALFVT01;s__	N/A	N/A	N/A	N/A	N/A	GCA_937928165.1	95.0	d__Bacteria;p__Pseudomonadota;c__Alphaproteobacteria;o__Caulobacterales;f__Maricaulaceae;g__CALFVT01;s__CALFVT01 sp937928165	85.15	0.34	d__Bacteria;p__Pseudomonadota;c__Alphaproteobacteria;o__Caulobacterales;f__Maricaulaceae;g__CALFVT01;s__	taxonomic classification defined by topology and ANI	classification based on placement in class-level tree	N/A	88.52	11	0.98273	N/A
SRR22878283_fastq_bin_7858_fasta	d__Bacteria;p__Bacteroidota;c__Bacteroidia;o__Flavobacteriales;f__Flavobacteriaceae;g__Wenyingzhuangia;s__	N/A	N/A	N/A	N/A	N/A	GCA_937930675.1	95.0	d__Bacteria;p__Bacteroidota;c__Bacteroidia;o__Flavobacteriales;f__Flavobacteriaceae;g__Wenyingzhuangia;s__Wenyingzhuangia sp937930675	80.41	0.166	d__Bacteria;p__Bacteroidota;c__Bacteroidia;o__Flavobacteriales;f__Flavobacteriaceae;g__Wenyingzhuangia;s__	taxonomic classification defined by topology and ANI	classification based on placement in class-level tree	N/A	79.11	11	0.98147	N/A
SRR22878283_fastq_bin_8829_fasta	d__Bacteria;p__Bacteroidota;c__Bacteroidia;o__Flavobacteriales;f__Flavobacteriaceae;g__Wenyingzhuangia;s__	N/A	N/A	N/A	N/A	N/A	N/A	N/A	N/A	N/A	N/A	d__Bacteria;p__Bacteroidota;c__Bacteroidia;o__Flavobacteriales;f__Flavobacteriaceae;g__Wenyingzhuangia;s__	taxonomic classification defined by topology and ANI	classification based on placement in class-level tree	GCF_011927765.1, s__Wenyingzhuangia aestuarii, 95.0, 80.67, 0.206; GCA_937930675.1, s__Wenyingzhuangia sp937930675, 95.0, 80.66, 0.157; GCF_011762155.1, s__Wenyingzhuangia heitensis, 95.0, 80.53, 0.179; GCA_020628175.1, s__Wenyingzhuangia sp020628175, 95.0, 79.73, 0.158	87.11	11	0.97007	N/A
